,SYMBOL,NAME OF COMPANY,isactve,FUT,IDX
1,20MICRONS,20 Microns Limited,True,False,False
2,21STCENMGM,21st Century Management Services Limited,True,False,False
3,3IINFOTECH,3i Infotech Limited,True,False,False
4,3MINDIA,3M India Limited,True,False,False
5,3PLAND,3P Land Holdings Limited,True,False,False
6,5PAISA,5Paisa Capital Limited,True,False,False
7,63MOONS,63 moons technologies limited,True,False,False
8,8KMILES,8K Miles Software Services Limited,True,False,False
9,A2ZINFRA,A2Z Infra Engineering Limited,True,False,False
10,AARTIDRUGS,Aarti Drugs Limited,True,False,False
11,AARTIIND,Aarti Industries Limited,True,False,False
12,AARVEEDEN,Aarvee Denims & Exports Limited,True,False,False
13,ABAN,Aban Offshore Limited,True,False,False
14,ABB,ABB India Limited,True,False,False
15,ABBOTINDIA,Abbott India Limited,True,False,False
16,ABCAPITAL,Aditya Birla Capital Limited,True,False,False
17,ABFRL,Aditya Birla Fashion and Retail Limited,True,False,False
18,ABGSHIP,ABG Shipyard Limited,True,False,False
19,ABMINTLTD,ABM International Limited,True,False,False
20,ACC,ACC Limited,True,False,False
21,ACCELYA,Accelya Kale Solutions Limited,True,False,False
22,ACE,Action Construction Equipment Limited,True,False,False
23,ADANIENT,Adani Enterprises Limited,True,False,False
24,ADANIGREEN,Adani Green Energy Limited,True,False,False
25,ADANIPORTS,Adani Ports and Special Economic Zone Limited,True,False,False
26,ADANIPOWER,Adani Power Limited,True,False,False
27,ADANITRANS,Adani Transmission Limited,True,False,False
28,ADFFOODS,ADF Foods Limited,True,False,False
29,ADHUNIK,Adhunik Metaliks Limited,True,False,False
30,ADHUNIKIND,Adhunik Industries Limited,True,False,False
31,ADLABS,Adlabs Entertainment Limited,True,False,False
32,ADORWELD,Ador Welding Limited,True,False,False
33,ADROITINFO,Adroit Infotech Limited,True,False,False
34,ADSL,Allied Digital Services Limited,True,False,False
35,ADVANIHOTR,Advani Hotels & Resorts (India) Limited,True,False,False
36,ADVENZYMES,Advanced Enzyme Technologies Limited,True,False,False
37,AEGISCHEM,Aegis Logistics Limited,True,False,False
38,AFL,Accel Frontline Limited,True,False,False
39,AGARIND,Agarwal Industrial Corporation Limited,True,False,False
40,AGCNET,AGC Networks Limited,True,False,False
41,AGLSL,Artemis Global Life Sciences Limited,True,False,False
42,AGRITECH,Agri-Tech (India) Limited,True,False,False
43,AHLEAST,Asian Hotels (East) Limited,True,False,False
44,AHLUCONT,Ahluwalia Contracts (India) Limited,True,False,False
45,AHLWEST,Asian Hotels (West) Limited,True,False,False
46,AIAENG,AIA Engineering Limited,True,False,False
47,AICHAMP,AI Champdany Industries Limited,True,False,False
48,AIFL,Ashapura Intimates Fashion Limited,True,False,False
49,AJANTPHARM,Ajanta Pharma Limited,True,False,False
50,AJMERA,Ajmera Realty & Infra India Limited,True,False,False
51,AKSHARCHEM,AksharChem India Limited,True,False,False
52,AKSHOPTFBR,Aksh Optifibre Limited,True,False,False
53,AKZOINDIA,Akzo Nobel India Limited,True,False,False
54,ALANKIT,Alankit Limited,True,False,False
55,ALBERTDAVD,Albert David Limited,True,False,False
56,ALBK,Allahabad Bank,True,False,False
57,ALCHEM,Alchemist Limited,True,False,False
58,ALEMBICLTD,Alembic Limited,True,False,False
59,ALICON,Alicon Castalloy Limited,True,False,False
60,ALKALI,Alkali Metals Limited,True,False,False
61,ALKEM,Alkem Laboratories Limited,True,False,False
62,ALKYLAMINE,Alkyl Amines Chemicals Limited,True,False,False
63,ALLCARGO,Allcargo Logistics Limited,True,False,False
64,ALLSEC,Allsec Technologies Limited,True,False,False
65,ALMONDZ,Almondz Global Securities Limited,True,False,False
66,ALOKTEXT,Alok Industries Limited,True,False,False
67,ALPA,Alpa Laboratories Limited,True,False,False
68,ALPHAGEO,Alphageo (India) Limited,True,False,False
69,ALPSINDUS,Alps Industries Limited,True,False,False
70,AMARAJABAT,Amara Raja Batteries Limited,True,False,False
71,AMBER,Amber Enterprises India Limited,True,False,False
72,AMBIKCO,Ambika Cotton Mills Limited,True,False,False
73,AMBUJACEM,Ambuja Cements Limited,True,False,False
74,AMDIND,AMD Industries Limited,True,False,False
75,AMJLAND,Amj Land Holdings Limited,True,False,False
76,AMRUTANJAN,Amrutanjan Health Care Limited,True,False,False
77,AMTEKAUTO,Amtek Auto Limited,True,False,False
78,ANANTRAJ,Anant Raj Limited,True,False,False
79,ANDHRABANK,Andhra Bank,True,False,False
80,ANDHRACEMT,Andhra Cements Limited,True,False,False
81,ANDHRSUGAR,The Andhra Sugars Limited,True,False,False
82,ANGIND,ANG Industries Limited,True,False,False
83,ANIKINDS,Anik Industries Limited,True,False,False
84,ANKITMETAL,Ankit Metal & Power Limited,True,False,False
85,ANSALAPI,Ansal Properties & Infrastructure Limited,True,False,False
86,ANSALHSG,Ansal Housing and Construction Limited,True,False,False
87,ANTGRAPHIC,Antarctica Limited,True,False,False
88,APARINDS,Apar Industries Limited,True,False,False
89,APCL,Anjani Portland Cement Limited,True,False,False
90,APCOTEXIND,Apcotex Industries Limited,True,False,False
91,APEX,Apex Frozen Foods Limited,True,False,False
92,APLAPOLLO,APL Apollo Tubes Limited,True,False,False
93,APLLTD,Alembic Pharmaceuticals Limited,True,False,False
94,APOLLO,Apollo Micro Systems Limited,True,False,False
95,APOLLOHOSP,Apollo Hospitals Enterprise Limited,True,False,False
96,APOLLOTYRE,Apollo Tyres Limited,True,False,False
97,APOLSINHOT,Apollo Sindoori Hotels Limited,True,False,False
98,APTECHT,Aptech Limited,True,False,False
99,ARCHIDPLY,Archidply Industries Limited,True,False,False
100,ARCHIES,Archies Limited,True,False,False
101,ARCOTECH,Arcotech Limited,True,False,False
102,ARENTERP,Rajdarshan Industries Limited,True,False,False
103,ARIES,Aries Agro Limited,True,False,False
104,ARIHANT,Arihant Foundations & Housing Limited,True,False,False
105,ARIHANTSUP,Arihant Superstructures Limited,True,False,False
106,ARMANFIN,Arman Financial Services Limited,True,False,False
107,AROGRANITE,Aro Granite Industries Limited,True,False,False
108,ARROWGREEN,Arrow Greentech Limited,True,False,False
109,ARROWTEX,Arrow Textiles Limited,True,False,False
110,ARSHIYA,Arshiya Limited,True,False,False
111,ARSSINFRA,ARSS Infrastructure Projects Limited,True,False,False
112,ARVIND,Arvind Limited,True,False,False
113,ARVSMART,Arvind SmartSpaces Limited,True,False,False
114,ASAHIINDIA,Asahi India Glass Limited,True,False,False
115,ASAHISONG,Asahi Songwon Colors Limited,True,False,False
116,ASAL,Automotive Stampings and Assemblies Limited,True,False,False
117,ASHAPURMIN,Ashapura Minechem Limited,True,False,False
118,ASHIANA,Ashiana Housing Limited,True,False,False
119,ASHIMASYN,Ashima Limited,True,False,False
120,ASHOKA,Ashoka Buildcon Limited,True,False,False
121,ASHOKLEY,Ashok Leyland Limited,True,False,False
122,ASIANHOTNR,Asian Hotels (North) Limited,True,False,False
123,ASIANPAINT,Asian Paints Limited,True,False,False
124,ASIANTILES,Asian Granito India Limited,True,False,False
125,ASPINWALL,Aspinwall and Company Limited,True,False,False
126,ASSAMCO,Assam Company India Limited,True,False,False
127,ASTEC,Astec LifeSciences Limited,True,False,False
128,ASTERDM,Aster DM Healthcare Limited,True,False,False
129,ASTRAL,Astral Poly Technik Limited,True,False,False
130,ASTRAMICRO,Astra Microwave Products Limited,True,False,False
131,ASTRAZEN,AstraZeneca Pharma India Limited,True,False,False
132,ASTRON,Astron Paper & Board Mill Limited,True,False,False
133,ATFL,Agro Tech Foods Limited,True,False,False
134,ATLANTA,Atlanta  Limited,True,False,False
135,ATLASCYCLE,Atlas Cycles (Haryana) Limited,True,False,False
136,ATUL,Atul Limited,True,False,False
137,ATULAUTO,Atul Auto Limited,True,False,False
138,AUBANK,AU Small Finance Bank Limited,True,False,False
139,AURIONPRO,Aurionpro Solutions Limited,True,False,False
140,AUROPHARMA,Aurobindo Pharma Limited,True,False,False
141,AUSOMENT,Ausom Enterprise Limited,True,False,False
142,AUTOAXLES,Automotive Axles Limited,True,False,False
143,AUTOIND,Autoline Industries Limited,True,False,False
144,AUTOLITIND,Autolite (India) Limited,True,False,False
145,AVADHSUGAR,Avadh Sugar & Energy Limited,True,False,False
146,AVANTIFEED,Avanti Feeds Limited,True,False,False
147,AVTNPL,AVT Natural Products Limited,True,False,False
148,AXISBANK,Axis Bank Limited,True,False,False
149,AXISCADES,AXISCADES Engineering Technologies Limited,True,False,False
150,AYMSYNTEX,AYM Syntex Limited,True,False,False
151,BAFNAPHARM,Bafna Pharmaceuticals Limited,True,False,False
152,BAGFILMS,B.A.G Films and Media Limited,True,False,False
153,BAJAJ-AUTO,Bajaj Auto Limited,True,False,False
154,BAJAJCORP,Bajaj Corp Limited,True,False,False
155,BAJAJELEC,Bajaj Electricals Limited,True,False,False
156,BAJAJFINSV,Bajaj Finserv Limited,True,False,False
157,BAJAJHIND,Bajaj Hindusthan Sugar Limited,True,False,False
158,BAJAJHLDNG,Bajaj Holdings & Investment Limited,True,False,False
159,BAJFINANCE,Bajaj Finance Limited,True,False,False
160,BALAJITELE,Balaji Telefilms Limited,True,False,False
161,BALAMINES,Balaji Amines Limited,True,False,False
162,BALAXI,Balaxi Ventures Limited,True,False,False
163,BALKRISHNA,Balkrishna Paper Mills Limited,True,False,False
164,BALKRISIND,Balkrishna Industries Limited,True,False,False
165,BALLARPUR,Ballarpur Industries Limited,True,False,False
166,BALMLAWRIE,Balmer Lawrie & Company Limited,True,False,False
167,BALPHARMA,Bal Pharma Limited,True,False,False
168,BALRAMCHIN,Balrampur Chini Mills Limited,True,False,False
169,BANARBEADS,Banaras Beads Limited,True,False,False
170,BANARISUG,Bannari Amman Sugars Limited,True,False,False
171,BANCOINDIA,Banco Products (I) Limited,True,False,False
172,BANDHANBNK,Bandhan Bank Limited,True,False,False
173,BANG,Bang Overseas Limited,True,False,False
174,BANKBARODA,Bank of Baroda,True,False,False
175,BANKINDIA,Bank of India,True,False,False
176,BANSWRAS,Banswara Syntex Limited,True,False,False
177,BARTRONICS,Bartronics India Limited,True,False,False
178,BASF,BASF India Limited,True,False,False
179,BASML,Bannari Amman Spinning Mills Limited,True,False,False
180,BATAINDIA,Bata India Limited,True,False,False
181,BAYERCROP,Bayer Cropscience Limited,True,False,False
182,BBL,Bharat Bijlee Limited,True,False,False
183,BBTC,Bombay Burmah Trading Corporation Limited,True,False,False
184,BDL,Bharat Dynamics Limited,True,False,False
185,BEARDSELL,Beardsell Limited,True,False,False
186,BEDMUTHA,Bedmutha Industries Limited,True,False,False
187,BEL,Bharat Electronics Limited,True,False,False
188,BEML,BEML Limited,True,False,False
189,BEPL,Bhansali Engineering Polymers Limited,True,False,False
190,BERGEPAINT,Berger Paints (I) Limited,True,False,False
191,BFINVEST,BF Investment Limited,True,False,False
192,BFUTILITIE,BF Utilities Limited,True,False,False
193,BGLOBAL,Bharatiya Global Infomedia Limited,True,False,False
194,BGRENERGY,BGR Energy Systems Limited,True,False,False
195,BHAGERIA,Bhageria Industries Limited,True,False,False
196,BHAGYANGR,Bhagyanagar India Limited,True,False,False
197,BHAGYAPROP,Bhagyanagar Properties Limited,True,False,False
198,BHANDARI,Bhandari Hosiery Exports Limited,True,False,False
199,BHARATFIN,Bharat Financial Inclusion Limited,True,False,False
200,BHARATFORG,Bharat Forge Limited,True,False,False
201,BHARATGEAR,Bharat Gears Limited,True,False,False
202,BHARATIDIL,Bharati Defence and Infrastructure Limited,True,False,False
203,BHARATRAS,Bharat Rasayan Limited,True,False,False
204,BHARATWIRE,Bharat Wire Ropes Limited,True,False,False
205,BHARTIARTL,Bharti Airtel Limited,True,False,False
206,BHEL,Bharat Heavy Electricals Limited,True,False,False
207,BHUSANSTL,Bhushan Steel Limited,True,False,False
208,BIGBLOC,Bigbloc Construction Limited,True,False,False
209,BIL,Bhartiya International Limited,True,False,False
210,BILENERGY,Bil Energy Systems Limited,True,False,False
211,BILPOWER,Bilpower  Limited,True,False,False
212,BINANIIND,Binani Industries Limited,True,False,False
213,BINDALAGRO,Oswal Chemicals & Fertilizers Limited,True,False,False
214,BIOCON,Biocon Limited,True,False,False
215,BIOFILCHEM,Biofil Chemicals & Pharmaceuticals Limited,True,False,False
216,BIRLACABLE,Birla Cable Limited,True,False,False
217,BIRLACORPN,Birla Corporation Limited,True,False,False
218,BIRLAMONEY,Aditya Birla Money Limited,True,False,False
219,BKMINDST,Bkm Industries Limited,True,False,False
220,BLBLIMITED,BLB Limited,True,False,False
221,BLISSGVS,Bliss GVS Pharma Limited,True,False,False
222,BLKASHYAP,B. L. Kashyap and Sons Limited,True,False,False
223,BLS,BLS International Services Limited,True,False,False
224,BLUEBLENDS,Blue Blends (I) Limited,True,False,False
225,BLUECHIP,Blue Chip India Limited,True,False,False
226,BLUECOAST,Blue Coast Hotels Limited,True,False,False
227,BLUEDART,Blue Dart Express Limited,True,False,False
228,BLUESTARCO,Blue Star Limited,True,False,False
229,BODALCHEM,Bodal Chemicals Limited,True,False,False
230,BOMDYEING,Bombay Dyeing & Mfg Company Limited,True,False,False
231,BOROSIL,Borosil Glass Works Limited,True,False,False
232,BOSCHLTD,Bosch Limited,True,False,False
233,BPCL,Bharat Petroleum Corporation Limited,True,False,False
234,BPL,BPL Limited,True,False,False
235,BRFL,Bombay Rayon Fashions Limited,True,False,False
236,BRIGADE,Brigade Enterprises Limited,True,False,False
237,BRITANNIA,Britannia Industries Limited,True,False,False
238,BRNL,Bharat Road Network Limited,True,False,False
239,BROOKS,Brooks Laboratories Limited,True,False,False
240,BSE,BSE Limited,True,False,False
241,BSELINFRA,BSEL Infrastructure Realty Limited,True,False,False
242,BSL,BSL Limited,True,False,False
243,BURNPUR,Burnpur Cement Limited,True,False,False
244,BUTTERFLY,Butterfly Gandhimathi Appliances Limited,True,False,False
245,BVCL,Barak Valley Cements Limited,True,False,False
246,BYKE,The Byke Hospitality Ltd,True,False,False
247,CADILAHC,Cadila Healthcare Limited,True,False,False
248,CALSOFT,California Software Company Limited,True,False,False
249,CAMLINFINE,Camlin Fine Sciences Limited,True,False,False
250,CANBK,Canara Bank,True,False,False
251,CANDC,C & C Constructions Limited,True,False,False
252,CANFINHOME,Can Fin Homes Limited,True,False,False
253,CANTABIL,Cantabil Retail India Limited,True,False,False
254,CAPACITE,Capacit'e Infraprojects Limited,True,False,False
255,CAPF,Capital First Limited,True,False,False
256,CAPLIPOINT,Caplin Point Laboratories Limited,True,False,False
257,CAPTRUST,Capital Trust Limited,True,False,False
258,CARBORUNIV,Carborundum Universal Limited,True,False,False
259,CAREERP,Career Point Limited,True,False,False
260,CARERATING,CARE Ratings Limited,True,False,False
261,CASTEXTECH,Castex Technologies Limited,True,False,False
262,CASTROLIND,Castrol India Limited,True,False,False
263,CCCL,Consolidated Construction Consortium Limited,True,False,False
264,CCHHL,Country Club Hospitality & Holidays Limited,True,False,False
265,CCL,CCL Products (India) Limited,True,False,False
266,CDSL,Central Depository Services (India) Limited,True,False,False
267,CEATLTD,CEAT Limited,True,False,False
268,CEBBCO,Commercial Engineers & Body Builders Co Limited,True,False,False
269,CELEBRITY,Celebrity Fashions Limited,True,False,False
270,CELESTIAL,Celestial Biolabs Limited,True,False,False
271,CENTENKA,Century Enka Limited,True,False,False
272,CENTEXT,Century Extrusions Limited,True,False,False
273,CENTRALBK,Central Bank of India,True,False,False
274,CENTRUM,Centrum Capital Limited,True,False,False
275,CENTUM,Centum Electronics Limited,True,False,False
276,CENTURYPLY,Century Plyboards (India) Limited,True,False,False
277,CENTURYTEX,Century Textiles & Industries Limited,True,False,False
278,CERA,Cera Sanitaryware Limited,True,False,False
279,CEREBRAINT,Cerebra Integrated Technologies Limited,True,False,False
280,CESC,CESC Limited,True,False,False
281,CGCL,Capri Global Capital Limited,True,False,False
282,CGPOWER,CG Power and Industrial Solutions Limited,True,False,False
283,CHAMBLFERT,Chambal Fertilizers & Chemicals Limited,True,False,False
284,CHEMFAB,Chemfab Alkalis Limited,True,False,False
285,CHENNPETRO,Chennai Petroleum Corporation Limited,True,False,False
286,CHOLAFIN,Cholamandalam Investment and Finance Company Limited,True,False,False
287,CHROMATIC,Chromatic India Limited,True,False,False
288,CIGNITITEC,Cigniti Technologies Limited,True,False,False
289,CIMMCO,Cimmco Limited,True,False,False
290,CINELINE,Cineline India Limited,True,False,False
291,CINEVISTA,Cinevista Limited,True,False,False
292,CIPLA,Cipla Limited,True,False,False
293,CLEDUCATE,CL Educate Limited,True,False,False
294,CLNINDIA,Clariant Chemicals (India) Limited,True,False,False
295,CMICABLES,CMI Limited,True,False,False
296,CNOVAPETRO,CIL Nova Petrochemicals Limited,True,False,False
297,COALINDIA,Coal India Limited,True,False,False
298,COCHINSHIP,Cochin Shipyard Limited,True,False,False
299,COFFEEDAY,Coffee Day Enterprises Limited,True,False,False
300,COLPAL,Colgate Palmolive (India) Limited,True,False,False
301,COMPINFO,Compuage Infocom Limited,True,False,False
302,COMPUSOFT,Compucom Software Limited,True,False,False
303,CONCOR,Container Corporation of India Limited,True,False,False
304,CONSOFINVT,Consolidated Finvest & Holdings Limited,True,False,False
305,CONTROLPR,Control Print Limited,True,False,False
306,CORALFINAC,Coral India Finance & Housing Limited,True,False,False
307,CORDSCABLE,Cords Cable Industries Limited,True,False,False
308,COROMANDEL,Coromandel International Limited,True,False,False
309,CORPBANK,Corporation Bank,True,False,False
310,COSMOFILMS,Cosmo Films Limited,True,False,False
311,COUNCODOS,Country Condo's Limited,True,False,False
312,COX&KINGS,Cox & Kings Limited,True,False,False
313,CREATIVEYE,Creative Eye Limited,True,False,False
314,CREST,Crest Ventures Limited,True,False,False
315,CRISIL,CRISIL Limited,True,False,False
316,CROMPTON,Crompton Greaves Consumer Electricals Limited,True,False,False
317,CTE,Cambridge Technology Enterprises Limited,True,False,False
318,CUB,City Union Bank Limited,True,False,False
319,CUBEXTUB,Cubex Tubings Limited,True,False,False
320,CUMMINSIND,Cummins India Limited,True,False,False
321,CUPID,Cupid Limited,True,False,False
322,CURATECH,Cura Technologies Limited,True,False,False
323,CYBERMEDIA,Cyber Media (India) Limited,True,False,False
324,CYBERTECH,Cybertech Systems And Software Limited,True,False,False
325,CYIENT,Cyient Limited,True,False,False
326,DAAWAT,LT Foods Limited,True,False,False
327,DABUR,Dabur India Limited,True,False,False
328,DALMIABHA,Dalmia Bharat Limited,True,False,False
329,DALMIASUG,Dalmia Bharat Sugar and Industries Limited,True,False,False
330,DAMODARIND,Damodar Industries Limited,True,False,False
331,DATAMATICS,Datamatics Global Services Limited,True,False,False
332,DBCORP,D.B.Corp Limited,True,False,False
333,DBL,Dilip Buildcon Limited,True,False,False
334,DBREALTY,D B Realty Limited,True,False,False
335,DBSTOCKBRO,DB (International) Stock Brokers Limited,True,False,False
336,DCAL,Dishman Carbogen Amcis Limited,True,False,False
337,DCBBANK,DCB Bank Limited,True,False,False
338,DCM,DCM  Limited,True,False,False
339,DCMFINSERV,DCM Financial Services Limited,True,False,False
340,DCMSHRIRAM,DCM Shriram Limited,True,False,False
341,DCW,DCW Limited,True,False,False
342,DECCANCE,Deccan Cements Limited,True,False,False
343,DEEPAKFERT,Deepak Fertilizers and Petrochemicals Corporation Limited,True,False,False
344,DEEPAKNTR,Deepak Nitrite Limited,True,False,False
345,DEEPIND,Deep Industries Limited,True,False,False
346,DELTACORP,Delta Corp Limited,True,False,False
347,DELTAMAGNT,Delta Magnets Limited,True,False,False
348,DEN,Den Networks Limited,True,False,False
349,DENABANK,Dena Bank,True,False,False
350,DENORA,De Nora India Limited,True,False,False
351,DFMFOODS,DFM Foods Limited,True,False,False
352,DHAMPURSUG,Dhampur Sugar Mills Limited,True,False,False
353,DHANBANK,Dhanlaxmi Bank Limited,True,False,False
354,DHANUKA,Dhanuka Agritech Limited,True,False,False
355,DHARSUGAR,Dharani Sugars & Chemicals Limited,True,False,False
356,DHFL,Dewan Housing Finance Corporation Limited,True,False,False
357,DHUNINV,Dhunseri Investments Limited,True,False,False
358,DIAMONDYD,Prataap Snacks Limited,True,False,False
359,DIAPOWER,Diamond Power Infra Ltd,True,False,False
360,DICIND,DIC India Limited,True,False,False
361,DIGJAMLTD,Digjam Limited,True,False,False
362,DISHTV,Dish TV India Limited,True,False,False
363,DIVISLAB,Divi's Laboratories Limited,True,False,False
364,DIXON,Dixon Technologies (India) Limited,True,False,False
365,DLF,DLF Limited,True,False,False
366,DLINKINDIA,D-Link (India) Limited,True,False,False
367,DMART,Avenue Supermarts Limited,True,False,False
368,DNAMEDIA,Diligent Media Corporation Limited,True,False,False
369,DOLLAR,Dollar Industries Limited,True,False,False
370,DOLPHINOFF,Dolphin Offshore Enterprises (India) Limited,True,False,False
371,DONEAR,Donear Industries Limited,True,False,False
372,DPL,Dhunseri Petrochem Limited,True,False,False
373,DPSCLTD,DPSC Limited,True,False,False
374,DQE,DQ Entertainment (International) Limited,True,False,False
375,DREDGECORP,Dredging Corporation of India Limited,True,False,False
376,DRREDDY,Dr. Reddy's Laboratories Limited,True,False,False
377,DSSL,Dynacons Systems & Solutions Limited,True,False,False
378,DTIL,Dhunseri Tea & Industries Limited,True,False,False
379,DUCON,Ducon Infratechnologies Limited,True,False,False
380,DWARKESH,Dwarikesh Sugar Industries Limited,True,False,False
381,DYNAMATECH,Dynamatic Technologies Limited,True,False,False
382,DYNPRO,Dynemic Products Limited,True,False,False
383,EASTSILK,Eastern Silk Industries Limited,True,False,False
384,EASUNREYRL,Easun Reyrolle Limited,True,False,False
385,ECEIND,ECE Industries Limited,True,False,False
386,ECLERX,eClerx Services Limited,True,False,False
387,EDELWEISS,Edelweiss Financial Services Limited,True,False,False
388,EDL,Empee Distilleries Limited,True,False,False
389,EDUCOMP,Educomp Solutions Limited,True,False,False
390,EICHERMOT,Eicher Motors Limited,True,False,False
391,EIDPARRY,EID Parry India Limited,True,False,False
392,EIHAHOTELS,EIH Associated Hotels Limited,True,False,False
393,EIHOTEL,EIH Limited,True,False,False
394,EIMCOELECO,Eimco Elecon (India) Limited,True,False,False
395,EKC,Everest Kanto Cylinder Limited,True,False,False
396,ELAND,E-Land Apparel Limited,True,False,False
397,ELECON,Elecon Engineering Company Limited,True,False,False
398,ELECTCAST,Electrosteel Castings Limited,True,False,False
399,ELECTHERM,Electrotherm (India) Limited,True,False,False
400,ELECTROSL,ELECTROSTEEL STEELS LIMITED,True,False,False
401,ELGIEQUIP,Elgi Equipments Limited,True,False,False
402,ELGIRUBCO,Elgi Rubber Company Limited,True,False,False
403,EMAMIINFRA,Emami Infrastructure Limited,True,False,False
404,EMAMILTD,Emami Limited,True,False,False
405,EMCO,Emco Limited,True,False,False
406,EMKAY,Emkay Global Financial Services Limited,True,False,False
407,EMMBI,Emmbi Industries Limited,True,False,False
408,ENDURANCE,Endurance Technologies Limited,True,False,False
409,ENERGYDEV,Energy Development Company Limited,True,False,False
410,ENGINERSIN,Engineers India Limited,True,False,False
411,ENIL,Entertainment Network (India) Limited,True,False,False
412,EON,Eon Electric Limited,True,False,False
413,EQUITAS,Equitas Holdings Limited,True,False,False
414,ERIS,Eris Lifesciences Limited,True,False,False
415,EROSMEDIA,Eros International Media Limited,True,False,False
416,ESABINDIA,Esab India Limited,True,False,False
417,ESCORTS,Escorts Limited,True,False,False
418,ESSARSHPNG,Essar Shipping Limited,True,False,False
419,ESSDEE,Ess Dee Aluminium Limited,True,False,False
420,ESSELPACK,Essel Propack Limited,True,False,False
421,ESTER,Ester Industries Limited,True,False,False
422,EUROCERA,Euro Ceramics Limited,True,False,False
423,EUROMULTI,Euro Multivision Limited,True,False,False
424,EUROTEXIND,Eurotex Industries and Exports Limited,True,False,False
425,EVEREADY,Eveready Industries India Limited,True,False,False
426,EVERESTIND,Everest Industries Limited,True,False,False
427,EXCEL,Excel Realty N Infra Limited,True,False,False
428,EXCELCROP,Excel Crop Care Limited,True,False,False
429,EXCELINDUS,Excel Industries Limited,True,False,False
430,EXIDEIND,Exide Industries Limited,True,False,False
431,FACT,Fertilizers and Chemicals Travancore Limited,True,False,False
432,FAIRCHEM,Fairchem Speciality Limited,True,False,False
433,FCL,Fineotex Chemical Limited,True,False,False
434,FCONSUMER,Future Consumer Limited,True,False,False
435,FCSSOFT,FCS Software Solutions Limited,True,False,False
436,FDC,FDC Limited,True,False,False
437,FEDDERELEC,Fedders Electric and Engineering Limited,True,False,False
438,FEDERALBNK,The Federal Bank  Limited,True,False,False
439,FEL,Future Enterprises Limited,True,False,False
440,FELDVR,Future Enterprises Limited,True,False,False
441,FIEMIND,Fiem Industries Limited,True,False,False
442,FILATEX,Filatex India Limited,True,False,False
443,FINCABLES,Finolex Cables Limited,True,False,False
444,FINEORG,Fine Organic Industries Limited,True,False,False
445,FINPIPE,Finolex Industries Limited,True,False,False
446,FIRSTWIN,First Winner Industries Limited,True,False,False
447,FLEXITUFF,Flexituff International Limited,True,False,False
448,FLFL,Future Lifestyle Fashions Limited,True,False,False
449,FMGOETZE,Federal-Mogul Goetze (India) Limited.,True,False,False
450,FMNL,Future Market Networks Limited,True,False,False
451,FORTIS,Fortis Healthcare Limited,True,False,False
452,FOSECOIND,Foseco India Limited,True,False,False
453,FRETAIL,Future Retail Limited,True,False,False
454,FSC,Future Supply Chain Solutions Limited,True,False,False
455,FSL,Firstsource Solutions Limited,True,False,False
456,GABRIEL,Gabriel India Limited,True,False,False
457,GAEL,Gujarat Ambuja Exports Limited,True,False,False
458,GAIL,GAIL (India) Limited,True,False,False
459,GAL,Gyscoal Alloys Limited,True,False,False
460,GALAXYSURF,Galaxy Surfactants Limited,True,False,False
461,GALLANTT,Gallantt Metal Limited,True,False,False
462,GALLISPAT,Gallantt Ispat Limited,True,False,False
463,GAMMNINFRA,Gammon Infrastructure Projects Limited,True,False,False
464,GANDHITUBE,Gandhi Special Tubes Limited,True,False,False
465,GANECOS,Ganesha Ecosphere Limited,True,False,False
466,GANESHHOUC,Ganesh Housing Corporation Limited,True,False,False
467,GANGESSECU,Ganges Securities Limited,True,False,False
468,GANGOTRI,Gangotri Textiles Limited,True,False,False
469,GARDENSILK,Garden Silk Mills Limited,True,False,False
470,GARWALLROP,Garware  Wall Ropes Limited,True,False,False
471,GATI,GATI Limited,True,False,False
472,GAYAHWS,Gayatri Highways Limited,True,False,False
473,GAYAPROJ,Gayatri Projects Limited,True,False,False
474,GDL,Gateway Distriparks Limited,True,False,False
475,GEECEE,GeeCee Ventures Limited,True,False,False
476,GEMINI,Gemini Communication Limited,True,False,False
477,GENESYS,Genesys International Corporation Limited,True,False,False
478,GENUSPAPER,Genus Paper & Boards Limited,True,False,False
479,GENUSPOWER,Genus Power Infrastructures Limited,True,False,False
480,GEOJITFSL,Geojit Financial Services Limited,True,False,False
481,GEPIL,GE Power India Limited,True,False,False
482,GESHIP,The Great Eastern Shipping Company Limited,True,False,False
483,GET&D,GE T&D India Limited,True,False,False
484,GHCL,GHCL Limited,True,False,False
485,GICHSGFIN,GIC Housing Finance Limited,True,False,False
486,GICRE,General Insurance Corporation of India,True,False,False
487,GILLANDERS,Gillanders Arbuthnot & Company Limited,True,False,False
488,GILLETTE,Gillette India Limited,True,False,False
489,GINNIFILA,Ginni Filaments Limited,True,False,False
490,GIPCL,Gujarat Industries Power Company Limited,True,False,False
491,GISOLUTION,GI Engineering Solutions Limited,True,False,False
492,GITANJALI,Gitanjali Gems Limited,True,False,False
493,GKWLIMITED,GKW Limited,True,False,False
494,GLAXO,GlaxoSmithKline Pharmaceuticals Limited,True,False,False
495,GLENMARK,Glenmark Pharmaceuticals Limited,True,False,False
496,GLFL,Gujarat Lease Financing Limited,True,False,False
497,GLOBALVECT,Global Vectra Helicorp Limited,True,False,False
498,GLOBOFFS,Global Offshore Services Limited,True,False,False
499,GLOBUSSPR,Globus Spirits Limited,True,False,False
500,GMBREW,GM Breweries Limited,True,False,False
501,GMDCLTD,Gujarat Mineral Development Corporation Limited,True,False,False
502,GMMPFAUDLR,GMM Pfaudler Limited,True,False,False
503,GMRINFRA,GMR Infrastructure Limited,True,False,False
504,GNA,GNA Axles Limited,True,False,False
505,GNFC,Gujarat Narmada Valley Fertilizers and Chemicals Limited,True,False,False
506,GOACARBON,Goa Carbon Limited,True,False,False
507,GOCLCORP,GOCL Corporation Limited,True,False,False
508,GODFRYPHLP,Godfrey Phillips India Limited,True,False,False
509,GODREJAGRO,Godrej Agrovet Limited,True,False,False
510,GODREJCP,Godrej Consumer Products Limited,True,False,False
511,GODREJIND,Godrej Industries Limited,True,False,False
512,GODREJPROP,Godrej Properties Limited,True,False,False
513,GOENKA,Goenka Diamond and Jewels Limited,True,False,False
514,GOKEX,Gokaldas Exports Limited,True,False,False
515,GOKUL,Gokul Refoils and Solvent Limited,True,False,False
516,GOKULAGRO,Gokul Agro Resources Limited,True,False,False
517,GOLDENTOBC,Golden Tobacco Limited,True,False,False
518,GOLDIAM,Goldiam International Limited,True,False,False
519,GOLDTECH,Goldstone Technologies Limited,True,False,False
520,GOODLUCK,Goodluck India Limited,True,False,False
521,GPIL,Godawari Power And Ispat limited,True,False,False
522,GPPL,Gujarat Pipavav Port Limited,True,False,False
523,GPTINFRA,GPT Infraprojects Limited,True,False,False
524,GRANULES,Granules India Limited,True,False,False
525,GRAPHITE,Graphite India Limited,True,False,False
526,GRASIM,Grasim Industries Limited,True,False,False
527,GRAVITA,Gravita India Limited,True,False,False
528,GREAVESCOT,Greaves Cotton Limited,True,False,False
529,GREENLAM,Greenlam Industries Limited,True,False,False
530,GREENPLY,Greenply Industries Limited,True,False,False
531,GREENPOWER,Orient Green Power Company Limited,True,False,False
532,GRINDWELL,Grindwell Norton Limited,True,False,False
533,GROBTEA,The Grob Tea Company Limited,True,False,False
534,GRPLTD,GRP Limited,True,False,False
535,GRUH,Gruh Finance Limited,True,False,False
536,GSCLCEMENT,Gujarat Sidhee Cement Limited,True,False,False
537,GSFC,Gujarat State Fertilizers & Chemicals Limited,True,False,False
538,GSKCONS,GlaxoSmithKline Consumer Healthcare Limited,True,False,False
539,GSPL,Gujarat State Petronet Limited,True,False,False
540,GSS,GSS Infotech Limited,True,False,False
541,GTL,GTL Limited,True,False,False
542,GTLINFRA,GTL Infrastructure Limited,True,False,False
543,GTNIND,GTN Industries Limited,True,False,False
544,GTNTEX,GTN Textiles Limited,True,False,False
545,GTPL,GTPL Hathway Limited,True,False,False
546,GUFICBIO,Gufic Biosciences Limited,True,False,False
547,GUJALKALI,Gujarat Alkalies and Chemicals Limited,True,False,False
548,GUJAPOLLO,Gujarat Apollo Industries Limited,True,False,False
549,GUJFLUORO,Gujarat Fluorochemicals Limited,True,False,False
550,GUJGASLTD,Gujarat Gas Limited,True,False,False
551,GUJRAFFIA,Gujarat Raffia Industries Limited,True,False,False
552,GULFOILLUB,Gulf Oil Lubricants India Limited,True,False,False
553,GULFPETRO,GP Petroleums Limited,True,False,False
554,GULPOLY,Gulshan Polyols Limited,True,False,False
555,GVKPIL,GVK Power & Infrastructure Limited,True,False,False
556,HAL,Hindustan Aeronautics Limited,True,False,False
557,HANUNG,Hanung Toys and Textiles Limited,True,False,False
558,HARITASEAT,Harita Seating Systems Limited,True,False,False
559,HARRMALAYA,Harrisons  Malayalam Limited,True,False,False
560,HATHWAY,Hathway Cable & Datacom Limited,True,False,False
561,HATSUN,Hatsun Agro Product Limited,True,False,False
562,HAVELLS,Havells India Limited,True,False,False
563,HAVISHA,Sri Havisha Hospitality and Infrastructure Limited,True,False,False
564,HBLPOWER,HBL Power Systems Limited,True,False,False
565,HBSL,HB Stockholdings Limited,True,False,False
566,HCC,Hindustan Construction Company Limited,True,False,False
567,HCG,Healthcare Global Enterprises Limited,True,False,False
568,HCL-INSYS,HCL Infosystems Limited,True,False,False
569,HCLTECH,HCL Technologies Limited,True,False,False
570,HDFC,Housing Development Finance Corporation Limited,True,False,False
571,HDFCBANK,HDFC Bank Limited,True,False,False
572,HDFCLIFE,HDFC Standard Life Insurance Company Limited,True,False,False
573,HDIL,Housing Development and Infrastructure Limited,True,False,False
574,HEG,HEG Limited,True,False,False
575,HEIDELBERG,HeidelbergCement India Limited,True,False,False
576,HERCULES,Hercules Hoists Limited,True,False,False
577,HERITGFOOD,Heritage Foods Limited,True,False,False
578,HEROMOTOCO,Hero MotoCorp Limited,True,False,False
579,HESTERBIO,Hester Biosciences Limited,True,False,False
580,HEXATRADEX,Hexa Tradex Limited,True,False,False
581,HEXAWARE,Hexaware Technologies Limited,True,False,False
582,HFCL,Himachal Futuristic Communications Limited,True,False,False
583,HGINFRA,H.G. Infra Engineering Limited,True,False,False
584,HGS,Hinduja Global Solutions Limited,True,False,False
585,HIGHGROUND,High Ground Enterprise Limited,True,False,False
586,HIKAL,Hikal Limited,True,False,False
587,HIL,HIL Limited,True,False,False
588,HILTON,Hilton Metal Forging Limited,True,False,False
589,HIMATSEIDE,Himatsingka Seide Limited,True,False,False
590,HINDALCO,Hindalco Industries Limited,True,False,False
591,HINDCOMPOS,Hindustan Composites Limited,True,False,False
592,HINDCOPPER,Hindustan Copper Limited,True,False,False
593,HINDMOTORS,Hindustan Motors Limited,True,False,False
594,HINDNATGLS,Hindusthan National Glass & Industries Limited,True,False,False
595,HINDOILEXP,Hindustan Oil Exploration Company Limited,True,False,False
596,HINDPETRO,Hindustan Petroleum Corporation Limited,True,False,False
597,HINDSYNTEX,Hind Syntex Limited,True,False,False
598,HINDUJAVEN,Hinduja Ventures Limited,True,False,False
599,HINDUNILVR,Hindustan Unilever Limited,True,False,False
600,HINDZINC,Hindustan Zinc Limited,True,False,False
601,HIRECT,Hind Rectifiers Limited,True,False,False
602,HISARMETAL,Hisar Metal Industries Limited,True,False,False
603,HITECH,Hi-Tech Pipes Limited,True,False,False
604,HITECHCORP,Hitech Corporation Limited,True,False,False
605,HITECHGEAR,The Hi-Tech Gears Limited,True,False,False
606,HMT,HMT Limited,True,False,False
607,HMVL,Hindustan Media Ventures Limited,True,False,False
608,HONAUT,Honeywell Automation India Limited,True,False,False
609,HONDAPOWER,Honda Siel Power Products Limited,True,False,False
610,HOTELEELA,Hotel Leela Venture Limited,True,False,False
611,HOTELRUGBY,Hotel Rugby Limited,True,False,False
612,HOVS,HOV Services Limited,True,False,False
613,HPL,HPL Electric & Power Limited,True,False,False
614,HSCL,Himadri Speciality Chemical Limited,True,False,False
615,HSIL,HSIL Limited,True,False,False
616,HTMEDIA,HT Media Limited,True,False,False
617,HUBTOWN,Hubtown Limited,True,False,False
618,HUDCO,Housing & Urban Development Corporation Limited,True,False,False
619,IBREALEST,Indiabulls Real Estate Limited,True,False,False
620,IBULHSGFIN,Indiabulls Housing Finance Limited,True,False,False
621,IBULISL,Indiabulls Integrated Services Limited,True,False,False
622,IBVENTURES,Indiabulls Ventures Limited,True,False,False
623,ICICIBANK,ICICI Bank Limited,True,False,False
624,ICICIGI,ICICI Lombard General Insurance Company Limited,True,False,False
625,ICICIPRULI,ICICI Prudential Life Insurance Company Limited,True,False,False
626,ICIL,Indo Count Industries Limited,True,False,False
627,ICRA,ICRA Limited,True,False,False
628,ICSA,ICSA (India) Limited,True,False,False
629,IDBI,IDBI Bank Limited,True,False,False
630,IDEA,Idea Cellular Limited,True,False,False
631,IDFC,IDFC Limited,True,False,False
632,IDFCBANK,IDFC Bank Limited,True,False,False
633,IEX,Indian Energy Exchange Limited,True,False,False
634,IFBAGRO,IFB Agro Industries Limited,True,False,False
635,IFBIND,IFB Industries Limited,True,False,False
636,IFCI,IFCI Limited,True,False,False
637,IFGLEXPOR,IFGL Refractories Limited,True,False,False
638,IGARASHI,Igarashi Motors India Limited,True,False,False
639,IGL,Indraprastha Gas Limited,True,False,False
640,IGPL,IG Petrochemicals Limited,True,False,False
641,IIFL,IIFL Holdings Limited,True,False,False
642,IITL,Industrial Investment Trust Limited,True,False,False
643,IL&FSENGG,IL&FS Engineering and Construction Company Limited,True,False,False
644,IL&FSTRANS,IL&FS Transportation Networks Limited,True,False,False
645,IMFA,Indian Metals & Ferro Alloys Limited,True,False,False
646,IMPAL,India Motor Parts and Accessories Limited,True,False,False
647,IMPEXFERRO,Impex Ferro Tech Limited,True,False,False
648,INDBANK,Indbank Merchant Banking Services Limited,True,False,False
649,INDHOTEL,The Indian Hotels Company Limited,True,False,False
650,INDIACEM,The India Cements Limited,True,False,False
651,INDIAGLYCO,India Glycols Limited,True,False,False
652,INDIANB,Indian Bank,True,False,False
653,INDIANCARD,Indian Card Clothing Company Limited,True,False,False
654,INDIANHUME,Indian Hume Pipe Company Limited,True,False,False
655,INDIGO,InterGlobe Aviation Limited,True,False,False
656,INDLMETER,IMP Powers Limited,True,False,False
657,INDNIPPON,India Nippon Electricals Limited,True,False,False
658,INDOCO,Indoco Remedies Limited,True,False,False
659,INDORAMA,Indo Rama Synthetics (India) Limited,True,False,False
660,INDOSOLAR,Indosolar Limited,True,False,False
661,INDOSTAR,IndoStar Capital Finance Limited,True,False,False
662,INDOTECH,Indo Tech Transformers Limited,True,False,False
663,INDOTHAI,Indo Thai Securities Limited,True,False,False
664,INDOWIND,Indowind Energy Limited,True,False,False
665,INDRAMEDCO,Indraprastha Medical Corporation Limited,True,False,False
666,INDSWFTLAB,Ind-Swift Laboratories Limited,True,False,False
667,INDSWFTLTD,Ind-Swift Limited,True,False,False
668,INDTERRAIN,Indian Terrain Fashions Limited,True,False,False
669,INDUSINDBK,IndusInd Bank Limited,True,False,False
670,INEOSSTYRO,INEOS Styrolution India Limited,True,False,False
671,INFIBEAM,Infibeam Incorporation Limited,True,False,False
672,INFINITE,Infinite Computer Solutions (India) Limited,True,False,False
673,INFRATEL,Bharti Infratel Limited,True,False,False
674,INFY,Infosys Limited,True,False,False
675,INGERRAND,Ingersoll Rand (India) Limited,True,False,False
676,INOXLEISUR,INOX Leisure Limited,True,False,False
677,INOXWIND,Inox Wind Limited,True,False,False
678,INSECTICID,Insecticides (India) Limited,True,False,False
679,INTEGRA,Integra Garments and Textiles Limited,True,False,False
680,INTELLECT,Intellect Design Arena Limited,True,False,False
681,INTENTECH,Intense Technologies Limited,True,False,False
682,INVENTURE,Inventure Growth & Securities Limited,True,False,False
683,IOB,Indian Overseas Bank,True,False,False
684,IOC,Indian Oil Corporation Limited,True,False,False
685,IOLCP,IOL Chemicals and Pharmaceuticals Limited,True,False,False
686,IPAPPM,International Paper APPM Limited,True,False,False
687,IPCALAB,IPCA Laboratories Limited,True,False,False
688,IRB,IRB Infrastructure Developers Limited,True,False,False
689,ISEC,ICICI Securities Limited,True,False,False
690,ISFT,Intrasoft Technologies Limited,True,False,False
691,ISMTLTD,ISMT Limited,True,False,False
692,ITC,ITC Limited,True,False,False
693,ITDC,India Tourism Development Corporation Limited,True,False,False
694,ITDCEM,ITD Cementation India Limited,True,False,False
695,ITI,ITI Limited,True,False,False
696,IVC,IL&FS Investment Managers Limited,True,False,False
697,IVP,IVP Limited,True,False,False
698,IVRCLINFRA,IVRCL Limited,True,False,False
699,IZMO,IZMO Limited,True,False,False
700,J&KBANK,The Jammu & Kashmir Bank Limited,True,False,False
701,JAGRAN,Jagran Prakashan Limited,True,False,False
702,JAGSNPHARM,Jagsonpal Pharmaceuticals Limited,True,False,False
703,JAIBALAJI,Jai Balaji Industries Limited,True,False,False
704,JAICORPLTD,Jai Corp Limited,True,False,False
705,JAIHINDPRO,Jaihind Projects Limited,True,False,False
706,JAINSTUDIO,Jain Studios Limited,True,False,False
707,JAMNAAUTO,Jamna Auto Industries Limited,True,False,False
708,JAYAGROGN,Jayant Agro Organics Limited,True,False,False
709,JAYBARMARU,Jay Bharat Maruti Limited,True,False,False
710,JAYNECOIND,Jayaswal Neco Industries Limited,True,False,False
711,JAYSREETEA,Jayshree Tea & Industries Limited,True,False,False
712,JBCHEPHARM,JB Chemicals & Pharmaceuticals Limited,True,False,False
713,JBFIND,JBF Industries Limited,True,False,False
714,JBMA,JBM Auto Limited,True,False,False
715,JCHAC,Johnson Controls  Hitachi Air Conditioning India Limited,True,False,False
716,JETAIRWAYS,Jet Airways (India) Limited,True,False,False
717,JHS,JHS Svendgaard Laboratories Limited,True,False,False
718,JIKIND,JIK Industries Limited,True,False,False
719,JINDALPHOT,Jindal Photo Limited,True,False,False
720,JINDALPOLY,Jindal Poly Films Limited,True,False,False
721,JINDALSAW,Jindal Saw Limited,True,False,False
722,JINDALSTEL,Jindal Steel & Power Limited,True,False,False
723,JINDCOT,Jindal Cotex Limited,True,False,False
724,JINDRILL,Jindal Drilling And Industries Limited,True,False,False
725,JINDWORLD,Jindal Worldwide Limited,True,False,False
726,JISLDVREQS,Jain Irrigation Systems Limited,True,False,False
727,JISLJALEQS,Jain Irrigation Systems Limited,True,False,False
728,JITFINFRA,JITF Infralogistics Limited,True,False,False
729,JKCEMENT,JK Cement Limited,True,False,False
730,JKIL,J.Kumar Infraprojects Limited,True,False,False
731,JKLAKSHMI,JK Lakshmi Cement Limited,True,False,False
732,JKPAPER,JK Paper Limited,True,False,False
733,JKTYRE,JK Tyre & Industries Limited,True,False,False
734,JMA,Jullundur Motor Agency (Delhi) Limited,True,False,False
735,JMCPROJECT,JMC Projects (India)  Limited,True,False,False
736,JMFINANCIL,JM Financial Limited,True,False,False
737,JMTAUTOLTD,JMT Auto Limited,True,False,False
738,JOCIL,Jocil Limited,True,False,False
739,JPASSOCIAT,Jaiprakash Associates Limited,True,False,False
740,JPINFRATEC,Jaypee Infratech Limited,True,False,False
741,JPOLYINVST,Jindal Poly Investment and Finance Company Limited,True,False,False
742,JPPOWER,Jaiprakash Power Ventures Limited,True,False,False
743,JSL,Jindal Stainless Limited,True,False,False
744,JSLHISAR,Jindal Stainless (Hisar) Limited,True,False,False
745,JSWENERGY,JSW Energy Limited,True,False,False
746,JSWHL,JSW Holdings Limited,True,False,False
747,JSWSTEEL,JSW Steel Limited,True,False,False
748,JTEKTINDIA,Jtekt India Limited,True,False,False
749,JUBILANT,Jubilant Life Sciences Limited,True,False,False
750,JUBLFOOD,Jubilant Foodworks Limited,True,False,False
751,JUBLINDS,Jubilant Industries Limited,True,False,False
752,JUSTDIAL,Just Dial Limited,True,False,False
753,JVLAGRO,JVL Agro Industries Limited,True,False,False
754,JYOTHYLAB,Jyothy Laboratories Limited,True,False,False
755,JYOTISTRUC,Jyoti Structures Limited,True,False,False
756,KABRAEXTRU,Kabra Extrusion Technik Limited,True,False,False
757,KAJARIACER,Kajaria Ceramics Limited,True,False,False
758,KAKATCEM,Kakatiya Cement Sugar & Industries Limited,True,False,False
759,KALPATPOWR,Kalpataru Power Transmission Limited,True,False,False
760,KALYANI,Kalyani Commercials Limited,True,False,False
761,KALYANIFRG,Kalyani Forge Limited,True,False,False
762,KAMATHOTEL,Kamat Hotels (I) Limited,True,False,False
763,KAMDHENU,Kamdhenu Limited,True,False,False
764,KANANIIND,Kanani Industries Limited,True,False,False
765,KANORICHEM,Kanoria Chemicals & Industries Limited,True,False,False
766,KANSAINER,Kansai Nerolac Paints Limited,True,False,False
767,KARDA,Karda Constructions Limited,True,False,False
768,KARMAENG,Karma Energy Limited,True,False,False
769,KARURVYSYA,Karur Vysya Bank Limited,True,False,False
770,KAUSHALYA,Kaushalya Infrastructure Development Corporation Limited,True,False,False
771,KAVVERITEL,Kavveri Telecom Products Limited,True,False,False
772,KAYA,Kaya Limited,True,False,False
773,KCP,KCP Limited,True,False,False
774,KCPSUGIND,KCP Sugar and Industries Corporation Limited,True,False,False
775,KDDL,KDDL Limited,True,False,False
776,KEC,KEC International Limited,True,False,False
777,KECL,Kirloskar Electric Company Limited,True,False,False
778,KEI,KEI Industries Limited,True,False,False
779,KELLTONTEC,Kellton Tech Solutions Limited,True,False,False
780,KERNEX,Kernex Microsystems (India) Limited,True,False,False
781,KESARENT,Kesar Enterprises Limited,True,False,False
782,KESORAMIND,Kesoram Industries Limited,True,False,False
783,KEYCORPSER,Keynote Corporate Services Limited,True,False,False
784,KGL,Karuturi Global Limited,True,False,False
785,KHADIM,Khadim India Limited,True,False,False
786,KHAITANELE,Khaitan Electricals Limited,True,False,False
787,KHAITANLTD,Khaitan (India) Limited,True,False,False
788,KHANDSE,Khandwala Securities Limited,True,False,False
789,KICL,Kalyani Investment Company Limited,True,False,False
790,KILITCH,Kilitch Drugs (India) Limited,True,False,False
791,KINGFA,Kingfa Science & Technology (India) Limited,True,False,False
792,KIOCL,KIOCL Limited,True,False,False
793,KIRIINDUS,Kiri Industries Limited,True,False,False
794,KIRLOSBROS,Kirloskar Brothers Limited,True,False,False
795,KIRLOSENG,Kirloskar Oil Engines Limited,True,False,False
796,KIRLOSIND,Kirloskar Industries Limited,True,False,False
797,KITEX,Kitex Garments Limited,True,False,False
798,KKCL,Kewal Kiran Clothing Limited,True,False,False
799,KMSUGAR,K.M.Sugar Mills Limited,True,False,False
800,KNRCON,KNR Constructions Limited,True,False,False
801,KOHINOOR,Kohinoor Foods Limited,True,False,False
802,KOKUYOCMLN,Kokuyo Camlin Limited,True,False,False
803,KOLTEPATIL,Kolte - Patil Developers Limited,True,False,False
804,KOPRAN,Kopran Limited,True,False,False
805,KOTAKBANK,Kotak Mahindra Bank Limited,True,False,False
806,KOTARISUG,Kothari Sugars And Chemicals Limited,True,False,False
807,KOTHARIPET,Kothari Petrochemicals Limited,True,False,False
808,KOTHARIPRO,Kothari Products Limited,True,False,False
809,KPIT,KPIT Technologies Limited,True,False,False
810,KPRMILL,K.P.R. Mill Limited,True,False,False
811,KRBL,KRBL Limited,True,False,False
812,KREBSBIO,Krebs Biochemicals and Industries Limited,True,False,False
813,KRIDHANINF,Kridhan Infra Limited,True,False,False
814,KSBPUMPS,KSB Pumps Limited,True,False,False
815,KSCL,Kaveri Seed Company Limited,True,False,False
816,KSERASERA,KSS Limited,True,False,False
817,KSK,KSK Energy Ventures Limited,True,False,False
818,KSL,Kalyani Steels Limited,True,False,False
819,KTIL,Kesar Terminals & Infrastructure Limited,True,False,False
820,KTKBANK,The Karnataka Bank Limited,True,False,False
821,KWALITY,kwality limited,True,False,False
822,L&TFH,L&T Finance Holdings Limited,True,False,False
823,LAKPRE,Lakshmi Precision Screws Limited,True,False,False
824,LAKSHMIEFL,Lakshmi Energy and Foods Limited,True,False,False
825,LAKSHVILAS,Lakshmi Vilas Bank Limited,True,False,False
826,LALPATHLAB,Dr. Lal Path Labs Ltd.,True,False,False
827,LAMBODHARA,Lambodhara Textiles Limited,True,False,False
828,LAOPALA,La Opala RG Limited,True,False,False
829,LASA,Lasa Supergenerics Limited,True,False,False
830,LAURUSLABS,Laurus Labs Limited,True,False,False
831,LAXMIMACH,Lakshmi Machine Works Limited,True,False,False
832,LEEL,LEEL Electricals Limited,True,False,False
833,LEMONTREE,Lemon Tree Hotels Limited,True,False,False
834,LFIC,Lakshmi Finance & Industrial Corporation Limited,True,False,False
835,LGBBROSLTD,LG Balakrishnan & Bros Limited,True,False,False
836,LGBFORGE,LGB Forge Limited,True,False,False
837,LIBERTSHOE,Liberty Shoes Limited,True,False,False
838,LICHSGFIN,LIC Housing Finance Limited,True,False,False
839,LINCOLN,Lincoln Pharmaceuticals Limited,True,False,False
840,LINCPEN,Linc Pen & Plastics Limited,True,False,False
841,LINDEINDIA,Linde India Limited,True,False,False
842,LITL,Lanco Infratech Limited,True,False,False
843,LOKESHMACH,Lokesh Machines Limited,True,False,False
844,LOTUSEYE,Lotus Eye Hospital and Institute Limited,True,False,False
845,LOVABLE,Lovable Lingerie Limited,True,False,False
846,LPDC,Landmark Property Development Company Limited,True,False,False
847,LSIL,Lloyds Steels Industries Limited,True,False,False
848,LT,Larsen & Toubro Limited,True,False,False
849,LTI,Larsen & Toubro Infotech Limited,True,False,False
850,LTTS,L&T Technology Services Limited,True,False,False
851,LUMAXIND,Lumax Industries Limited,True,False,False
852,LUMAXTECH,Lumax Auto Technologies Limited,True,False,False
853,LUPIN,Lupin Limited,True,False,False
854,LUXIND,Lux Industries Limited,True,False,False
855,LYCOS,Lycos Internet Limited,True,False,False
856,LYKALABS,Lyka Labs Limited,True,False,False
857,LYPSAGEMS,Lypsa Gems & Jewellery Limited,True,False,False
858,M&M,Mahindra & Mahindra Limited,True,False,False
859,M&MFIN,Mahindra & Mahindra Financial Services Limited,True,False,False
860,MAANALU,Maan Aluminium Limited,True,False,False
861,MADHAV,Madhav Marbles and Granites Limited,True,False,False
862,MADHUCON,Madhucon Projects Limited,True,False,False
863,MADRASFERT,Madras Fertilizers Limited,True,False,False
864,MAGADSUGAR,Magadh Sugar & Energy Limited,True,False,False
865,MAGMA,Magma Fincorp Limited,True,False,False
866,MAGNUM,Magnum Ventures Limited,True,False,False
867,MAHABANK,Bank of Maharashtra,True,False,False
868,MAHAPEXLTD,Maha Rashtra Apex Corporation Limited,True,False,False
869,MAHASTEEL,Mahamaya Steel Industries Limited,True,False,False
870,MAHINDCIE,Mahindra CIE Automotive Limited,True,False,False
871,MAHLIFE,Mahindra Lifespace Developers Limited,True,False,False
872,MAHLOG,Mahindra Logistics Limited,True,False,False
873,MAHSCOOTER,Maharashtra Scooters Limited,True,False,False
874,MAHSEAMLES,Maharashtra Seamless Limited,True,False,False
875,MAITHANALL,Maithan Alloys Limited,True,False,False
876,MAJESCO,Majesco Limited,True,False,False
877,MALUPAPER,Malu Paper Mills Limited,True,False,False
878,MANAKALUCO,Manaksia Aluminium Company Limited,True,False,False
879,MANAKCOAT,Manaksia Coated Metals & Industries Limited,True,False,False
880,MANAKSIA,Manaksia Limited,True,False,False
881,MANAKSTEEL,Manaksia Steels Limited,True,False,False
882,MANALIPETC,Manali Petrochemicals Limited,True,False,False
883,MANAPPURAM,Manappuram Finance Limited,True,False,False
884,MANDHANA,Mandhana Industries Limited,True,False,False
885,MANGALAM,Mangalam Drugs And Organics Limited,True,False,False
886,MANGCHEFER,Mangalore Chemicals & Fertilizers Limited,True,False,False
887,MANGLMCEM,Mangalam Cement Limited,True,False,False
888,MANGTIMBER,Mangalam Timber Products Limited,True,False,False
889,MANINDS,Man Industries (India) Limited,True,False,False
890,MANINFRA,Man Infraconstruction Limited,True,False,False
891,MANPASAND,Manpasand Beverages Limited,True,False,False
892,MANUGRAPH,Manugraph India Limited,True,False,False
893,MARALOVER,Maral Overseas Limited,True,False,False
894,MARATHON,Marathon Nextgen Realty Limited,True,False,False
895,MARICO,Marico Limited,True,False,False
896,MARKSANS,Marksans Pharma Limited,True,False,False
897,MARUTI,Maruti Suzuki India Limited,True,False,False
898,MASFIN,MAS Financial Services Limited,True,False,False
899,MASKINVEST,Mask Investments Limited,True,False,False
900,MASTEK,Mastek Limited,True,False,False
901,MATRIMONY,Matrimony.Com Limited,True,False,False
902,MAWANASUG,Mawana Sugars Limited,True,False,False
903,MAXINDIA,Max India Limited,True,False,False
904,MAXVIL,Max Ventures and Industries Limited,True,False,False
905,MAYURUNIQ,Mayur Uniquoters Ltd,True,False,False
906,MAZDA,Mazda Limited,True,False,False
907,MBECL,Mcnally Bharat Engineering Company Limited,True,False,False
908,MBLINFRA,MBL Infrastructures Limited,True,False,False
909,MCDHOLDING,McDowell Holdings Limited,True,False,False
910,MCDOWELL-N,United Spirits Limited,True,False,False
911,MCLEODRUSS,Mcleod Russel India Limited,True,False,False
912,MCX,Multi Commodity Exchange of India Limited,True,False,False
913,MEGASOFT,Megasoft Limited,True,False,False
914,MEGH,Meghmani Organics Limited,True,False,False
915,MELSTAR,Melstar Information Technologies Limited,True,False,False
916,MENONBE,Menon Bearings Limited,True,False,False
917,MEP,MEP Infrastructure Developers Limited,True,False,False
918,MERCATOR,Mercator Limited,True,False,False
919,MERCK,Merck Limited,True,False,False
920,METALFORGE,Metalyst Forgings Limited,True,False,False
921,METKORE,Metkore Alloys & Industries Limited,True,False,False
922,MFSL,Max Financial Services Limited,True,False,False
923,MGL,Mahanagar Gas Limited,True,False,False
924,MHRIL,Mahindra Holidays & Resorts India Limited,True,False,False
925,MIC,MIC Electronics Limited,True,False,False
926,MIDHANI,Mishra Dhatu Nigam Limited,True,False,False
927,MINDACORP,Minda Corporation Limited,True,False,False
928,MINDAIND,Minda Industries Limited,True,False,False
929,MINDTECK,Mindteck (India) Limited,True,False,False
930,MINDTREE,MindTree Limited,True,False,False
931,MIRCELECTR,MIRC Electronics Limited,True,False,False
932,MIRZAINT,Mirza International Limited,True,False,False
933,MMFL,MM Forgings Limited,True,False,False
934,MMTC,MMTC Limited,True,False,False
935,MODIRUBBER,Modi Rubber Limited,True,False,False
936,MOHITIND,Mohit Industries Limited,True,False,False
937,MOHOTAIND,Mohota Industries Limited,True,False,False
938,MOIL,MOIL Limited,True,False,False
939,MOLDTECH,Mold-Tek Technologies Limited,True,False,False
940,MOLDTKPAC,Mold-Tek Packaging Limited,True,False,False
941,MONNETISPA,Monnet Ispat and Energy Limited,True,False,False
942,MONSANTO,Monsanto India Limited,True,False,False
943,MONTECARLO,Monte Carlo Fashions Limited,True,False,False
944,MORARJEE,Morarjee Textiles Limited,True,False,False
945,MOREPENLAB,Morepen Laboratories Limited,True,False,False
946,MOSERBAER,Moser-Baer (I) Limited,True,False,False
947,MOTHERSUMI,Motherson Sumi Systems Limited,True,False,False
948,MOTILALOFS,Motilal Oswal Financial Services Limited,True,False,False
949,MOTOGENFIN,The Motor & General Finance Limited,True,False,False
950,MPHASIS,MphasiS Limited,True,False,False
951,MPSLTD,MPS Limited,True,False,False
952,MRF,MRF Limited,True,False,False
953,MRO-TEK,MRO-TEK Realty Limited,True,False,False
954,MRPL,Mangalore Refinery and Petrochemicals Limited,True,False,False
955,MSPL,MSP Steel & Power Limited,True,False,False
956,MTEDUCARE,MT Educare Limited,True,False,False
957,MTNL,Mahanagar Telephone Nigam Limited,True,False,False
958,MUKANDENGG,Mukand Engineers Limited,True,False,False
959,MUKANDLTD,Mukand Limited,True,False,False
960,MUKTAARTS,Mukta Arts Limited,True,False,False
961,MUNJALAU,Munjal Auto Industries Limited,True,False,False
962,MUNJALSHOW,Munjal Showa Limited,True,False,False
963,MURUDCERA,Murudeshwar Ceramics Limited,True,False,False
964,MUTHOOTCAP,Muthoot Capital Services Limited,True,False,False
965,MUTHOOTFIN,Muthoot Finance Limited,True,False,False
966,MVL,MVL Limited,True,False,False
967,NACLIND,NACL Industries Limited,True,False,False
968,NAGAFERT,Nagarjuna Fertilizers and Chemicals Limited,True,False,False
969,NAGAROIL,Nagarjuna Oil Refinery Limited,True,False,False
970,NAGREEKCAP,Nagreeka Capital & Infrastructure Limited,True,False,False
971,NAGREEKEXP,Nagreeka Exports Limited,True,False,False
972,NAHARCAP,Nahar Capital and Financial Services Limited,True,False,False
973,NAHARINDUS,Nahar Industrial Enterprises Limited,True,False,False
974,NAHARPOLY,Nahar Poly Films Limited,True,False,False
975,NAHARSPING,Nahar Spinning Mills Limited,True,False,False
976,NAKODA,Nakoda Limited,True,False,False
977,NATCOPHARM,Natco Pharma Limited,True,False,False
978,NATHBIOGEN,Nath Bio-Genes (India) Limited,True,False,False
979,NATIONALUM,National Aluminium Company Limited,True,False,False
980,NATNLSTEEL,National Steel And Agro Industries Limited,True,False,False
981,NAUKRI,Info Edge (India) Limited,True,False,False
982,NAVINFLUOR,Navin Fluorine International Limited,True,False,False
983,NAVKARCORP,Navkar Corporation Limited,True,False,False
984,NAVNETEDUL,Navneet Education Limited,True,False,False
985,NBCC,NBCC (India) Limited,True,False,False
986,NBIFIN,N. B. I. Industrial Finance Company Limited,True,False,False
987,NBVENTURES,Nava Bharat Ventures Limited,True,False,False
988,NCC,NCC Limited,True,False,False
989,NCLIND,NCL Industries Limited,True,False,False
990,NDGL,Naga Dhunseri Group Limited,True,False,False
991,NDL,Nandan Denim Limited,True,False,False
992,NDTV,New Delhi Television Limited,True,False,False
993,NECCLTD,North Eastern Carrying Corporation Limited,True,False,False
994,NECLIFE,Nectar Lifesciences Limited,True,False,False
995,NELCAST,Nelcast Limited,True,False,False
996,NELCO,NELCO Limited,True,False,False
997,NESCO,Nesco Limited,True,False,False
998,NESTLEIND,Nestle India Limited,True,False,False
999,NETWORK18,Network18 Media & Investments Limited,True,False,False
1000,NEULANDLAB,Neuland Laboratories Limited,True,False,False
1001,NEWGEN,Newgen Software Technologies Limited,True,False,False
1002,NEXTMEDIA,Next Mediaworks Limited,True,False,False
1003,NFL,National Fertilizers Limited,True,False,False
1004,NH,Narayana Hrudayalaya Ltd.,True,False,False
1005,NHPC,NHPC Limited,True,False,False
1006,NIACL,The New India Assurance Company Limited,True,False,False
1007,NIBL,NRB Industrial Bearings Limited,True,False,False
1008,NIITLTD,NIIT Limited,True,False,False
1009,NIITTECH,NIIT Technologies Limited,True,False,False
1010,NILAINFRA,Nila Infrastructures Limited,True,False,False
1011,NILKAMAL,Nilkamal Limited,True,False,False
1012,NIPPOBATRY,Indo-National Limited,True,False,False
1013,NIRAJISPAT,Niraj Ispat Industries Limited,True,False,False
1014,NITCO,Nitco Limited,True,False,False
1015,NITESHEST,Nitesh Estates Limited,True,False,False
1016,NITINFIRE,Nitin Fire Protection Industries Limited,True,False,False
1017,NITINSPIN,Nitin Spinners Limited,True,False,False
1018,NKIND,NK Industries Limited,True,False,False
1019,NLCINDIA,NLC India Limited,True,False,False
1020,NMDC,NMDC Limited,True,False,False
1021,NOCIL,NOCIL Limited,True,False,False
1022,NOIDATOLL,Noida Toll Bridge Company Limited,True,False,False
1023,NORBTEAEXP,Norben Tea & Exports Limited,True,False,False
1024,NRAIL,N R Agarwal Industries Limited,True,False,False
1025,NRBBEARING,NRB Bearing Limited,True,False,False
1026,NSIL,Nalwa Sons Investments Limited,True,False,False
1027,NTL,Neueon Towers Limited,True,False,False
1028,NTPC,NTPC Limited,True,False,False
1029,NUCLEUS,Nucleus Software Exports Limited,True,False,False
1030,NUTEK,Nu Tek India Limited,True,False,False
1031,OBEROIRLTY,Oberoi Realty Limited,True,False,False
1032,OCCL,Oriental Carbon & Chemicals Limited,True,False,False
1033,OCL,OCL India Limited,True,False,False
1034,OFSS,Oracle Financial Services Software Limited,True,False,False
1035,OIL,Oil India Limited,True,False,False
1036,OILCOUNTUB,Oil Country Tubular Limited,True,False,False
1037,OISL,OCL Iron and Steel Limited,True,False,False
1038,OLECTRA,Olectra Greentech Limited,True,False,False
1039,OMAXAUTO,Omax Autos Limited,True,False,False
1040,OMAXE,Omaxe Limited,True,False,False
1041,OMKARCHEM,Omkar Speciality Chemicals Limited,True,False,False
1042,OMMETALS,OM Metals Infraprojects Limited,True,False,False
1043,ONELIFECAP,Onelife Capital Advisors Limited,True,False,False
1044,ONGC,Oil & Natural Gas Corporation Limited,True,False,False
1045,ONMOBILE,OnMobile Global Limited,True,False,False
1046,ONWARDTEC,Onward Technologies Limited,True,False,False
1047,OPTIEMUS,Optiemus Infracom Limited,True,False,False
1048,OPTOCIRCUI,Opto Circuits (India) Limited,True,False,False
1049,ORBTEXP,Orbit Exports Limited,True,False,False
1050,ORCHIDPHAR,Orchid Pharma Limited,True,False,False
1051,ORICONENT,Oricon Enterprises Limited,True,False,False
1052,ORIENTABRA,Orient Abrasives Limited,True,False,False
1053,ORIENTALTL,Oriental Trimex Limited,True,False,False
1054,ORIENTBANK,Oriental Bank of Commerce,True,False,False
1055,ORIENTBELL,Orient Bell Limited,True,False,False
1056,ORIENTCEM,Orient Cement Limited,True,False,False
1057,ORIENTELEC,Orient Electric Limited,True,False,False
1058,ORIENTHOT,Oriental Hotels Limited,True,False,False
1059,ORIENTLTD,Orient Press Limited,True,False,False
1060,ORIENTPPR,Orient Paper & Industries Limited,True,False,False
1061,ORIENTREF,Orient Refractories Limited,True,False,False
1062,ORISSAMINE,The Orissa Minerals Development Company Limited,True,False,False
1063,ORTEL,Ortel Communications Limited,True,False,False
1064,ORTINLABSS,Ortin Laboratories Limited,True,False,False
1065,OSWALAGRO,Oswal Agro Mills Limited,True,False,False
1066,PAEL,PAE Limited,True,False,False
1067,PAGEIND,Page Industries Limited,True,False,False
1068,PAISALO,Paisalo Digital Limited,True,False,False
1069,PALASHSECU,Palash Securities Limited,True,False,False
1070,PALREDTEC,Palred Technologies Limited,True,False,False
1071,PANACEABIO,Panacea Biotec Limited,True,False,False
1072,PANAMAPET,Panama Petrochem Limited,True,False,False
1073,PANORAMUNI,Panoramic Universal Limited,True,False,False
1074,PAPERPROD,Huhtamaki PPL Limited,True,False,False
1075,PARABDRUGS,Parabolic Drugs Limited,True,False,False
1076,PARACABLES,Paramount Communications Limited,True,False,False
1077,PARAGMILK,Parag Milk Foods Limited,True,False,False
1078,PARSVNATH,Parsvnath Developers Limited,True,False,False
1079,PATELENG,Patel Engineering Limited,True,False,False
1080,PATINTLOG,Patel Integrated Logistics Limited,True,False,False
1081,PATSPINLTD,Patspin India Limited,True,False,False
1082,PBAINFRA,PBA Infrastructure Limited,True,False,False
1083,PCJEWELLER,PC Jeweller Limited,True,False,False
1084,PDMJEPAPER,Pudumjee Paper Products Limited,True,False,False
1085,PDPL,Parenteral Drugs (India) Limited,True,False,False
1086,PDSMFL,PDS Multinational Fashions Limited,True,False,False
1087,PEARLPOLY,Pearl Polymers Limited,True,False,False
1088,PEL,Piramal Enterprises Limited,True,False,False
1089,PENIND,Pennar Industries Limited,True,False,False
1090,PENINLAND,Peninsula Land Limited,True,False,False
1091,PENPEBS,Pennar Engineered Building Systems Limited,True,False,False
1092,PERSISTENT,Persistent Systems Limited,True,False,False
1093,PETRONENGG,Petron Engineering Construction Limited,True,False,False
1094,PETRONET,Petronet LNG Limited,True,False,False
1095,PFC,Power Finance Corporation Limited,True,False,False
1096,PFIZER,Pfizer Limited,True,False,False
1097,PFOCUS,Prime Focus Limited,True,False,False
1098,PFS,PTC India Financial Services Limited,True,False,False
1099,PGEL,PG Electroplast Limited,True,False,False
1100,PGHH,Procter & Gamble Hygiene and Health Care Limited,True,False,False
1101,PGIL,Pearl Global Industries Limited,True,False,False
1102,PHILIPCARB,Phillips Carbon Black Limited,True,False,False
1103,PHOENIXLTD,The Phoenix Mills Limited,True,False,False
1104,PIDILITIND,Pidilite Industries Limited,True,False,False
1105,PIIND,PI Industries Limited,True,False,False
1106,PILANIINVS,Pilani Investment and Industries Corporation Limited,True,False,False
1107,PILITA,PIL ITALICA LIFESTYLE LIMITED,True,False,False
1108,PINCON,Pincon Spirit Limited,True,False,False
1109,PIONDIST,Pioneer Distilleries Limited,True,False,False
1110,PIONEEREMB,Pioneer Embroideries Limited,True,False,False
1111,PIRPHYTO,Piramal Phytocare Limited,True,False,False
1112,PITTIENG,Pitti Engineering Limited,True,False,False
1113,PKTEA,The Peria Karamalai Tea & Produce Company Limited,True,False,False
1114,PLASTIBLEN,Plastiblends India Limited,True,False,False
1115,PNB,Punjab National Bank,True,False,False
1116,PNBGILTS,PNB Gilts Limited,True,False,False
1117,PNBHOUSING,PNB Housing Finance Limited,True,False,False
1118,PNC,Pritish Nandy Communications Limited,True,False,False
1119,PNCINFRA,PNC Infratech Limited,True,False,False
1120,POCHIRAJU,Pochiraju Industries Limited,True,False,False
1121,PODDARHOUS,Poddar Housing and Development Limited,True,False,False
1122,PODDARMENT,Poddar Pigments Limited,True,False,False
1123,POKARNA,Pokarna Limited,True,False,False
1124,POLYMED,Poly Medicure Limited,True,False,False
1125,POLYPLEX,Polyplex Corporation Limited,True,False,False
1126,PONNIERODE,Ponni Sugars (Erode) Limited,True,False,False
1127,POWERGRID,Power Grid Corporation of India Limited,True,False,False
1128,POWERMECH,Power Mech Projects Limited,True,False,False
1129,PPAP,PPAP Automotive Limited,True,False,False
1130,PRABHAT,Prabhat Dairy Limited,True,False,False
1131,PRADIP,Pradip Overseas Limited,True,False,False
1132,PRAENG,Prajay Engineers Syndicate Limited,True,False,False
1133,PRAJIND,Praj Industries Limited,True,False,False
1134,PRAKASH,Prakash Industries Limited,True,False,False
1135,PRAKASHCON,Prakash Constrowell Limited,True,False,False
1136,PRATIBHA,Pratibha Industries Limited,True,False,False
1137,PRAXIS,Praxis Home Retail Limited,True,False,False
1138,PRECAM,Precision Camshafts Limited,True,False,False
1139,PRECOT,Precot Meridian Limited,True,False,False
1140,PRECWIRE,Precision Wires India Limited,True,False,False
1141,PREMEXPLN,Premier Explosives Limited,True,False,False
1142,PREMIER,Premier Limited,True,False,False
1143,PREMIERPOL,Premier Polyfilm Limited,True,False,False
1144,PRESSMN,Pressman Advertising Limited,True,False,False
1145,PRESTIGE,Prestige Estates Projects Limited,True,False,False
1146,PRICOLLTD,Pricol Limited,True,False,False
1147,PRIMESECU,Prime Securities Limited,True,False,False
1148,PROVOGE,Provogue (India) Limited,True,False,False
1149,PROZONINTU,Prozone Intu Properties Limited,True,False,False
1150,PRSMJOHNSN,Prism Johnson Limited,True,False,False
1151,PSB,Punjab & Sind Bank,True,False,False
1152,PSL,PSL Limited,True,False,False
1153,PSPPROJECT,PSP Projects Limited,True,False,False
1154,PTC,PTC India Limited,True,False,False
1155,PTL,PTL Enterprises Limited,True,False,False
1156,PUNJABCHEM,Punjab Chemicals & Crop Protection Limited,True,False,False
1157,PUNJLLOYD,Punj Lloyd Limited,True,False,False
1158,PURVA,Puravankara Limited,True,False,False
1159,PVP,PVP Ventures Limited,True,False,False
1160,PVR,PVR Limited,True,False,False
1161,QUESS,Quess Corp Limited,True,False,False
1162,QUICKHEAL,Quick Heal Technologies Limited,True,False,False
1163,QUINTEGRA,Quintegra Solutions Limited,True,False,False
1164,RADAAN,Radaan Mediaworks India Limited,True,False,False
1165,RADICO,Radico Khaitan Limited,True,False,False
1166,RADIOCITY,Music Broadcast Limited,True,False,False
1167,RAIN,Rain Industries Limited,True,False,False
1168,RAINBOWPAP,Rainbow Papers Limited,True,False,False
1169,RAJESHEXPO,Rajesh Exports Limited,True,False,False
1170,RAJRAYON,Raj Rayon Industries Limited,True,False,False
1171,RAJSREESUG,Rajshree Sugars & Chemicals Limited,True,False,False
1172,RAJTV,Raj Television Network Limited,True,False,False
1173,RAJVIR,Rajvir Industries Limited,True,False,False
1174,RALLIS,Rallis India Limited,True,False,False
1175,RAMANEWS,Shree Rama Newsprint Limited,True,False,False
1176,RAMASTEEL,Rama Steel Tubes Limited,True,False,False
1177,RAMCOCEM,The Ramco Cements Limited,True,False,False
1178,RAMCOIND,Ramco Industries Limited,True,False,False
1179,RAMCOSYS,Ramco Systems Limited,True,False,False
1180,RAMGOPOLY,Ramgopal Polytex Limited,True,False,False
1181,RAMKY,Ramky Infrastructure Limited,True,False,False
1182,RAMSARUP,Ramsarup Industries Limited,True,False,False
1183,RANASUG,Rana Sugars Limited,True,False,False
1184,RANEENGINE,Rane Engine Valve Limited,True,False,False
1185,RANEHOLDIN,Rane Holdings Limited,True,False,False
1186,RATNAMANI,Ratnamani Metals & Tubes Limited,True,False,False
1187,RAYMOND,Raymond Limited,True,False,False
1188,RBL,Rane Brake Lining Limited,True,False,False
1189,RBLBANK,RBL Bank Limited,True,False,False
1190,RCF,Rashtriya Chemicals and Fertilizers Limited,True,False,False
1191,RCOM,Reliance Communications Limited,True,False,False
1192,RECLTD,Rural Electrification Corporation Limited,True,False,False
1193,REDINGTON,Redington (India) Limited,True,False,False
1194,REFEX,Refex Industries Limited,True,False,False
1195,REGENCERAM,Regency Ceramics Limited,True,False,False
1196,RELAXO,Relaxo Footwears Limited,True,False,False
1197,RELCAPITAL,Reliance Capital Limited,True,False,False
1198,RELIANCE,Reliance Industries Limited,True,False,False
1199,RELIGARE,Religare Enterprises Limited,True,False,False
1200,RELINFRA,Reliance Infrastructure Limited,True,False,False
1201,REMSONSIND,Remsons Industries Limited,True,False,False
1202,RENUKA,Shree Renuka Sugars Limited,True,False,False
1203,REPCOHOME,Repco Home Finance Limited,True,False,False
1204,REPRO,Repro India Limited,True,False,False
1205,RESPONIND,Responsive Industries Limited,True,False,False
1206,REVATHI,Revathi Equipment Limited,True,False,False
1207,RHFL,Reliance Home Finance Limited,True,False,False
1208,RICOAUTO,Rico Auto Industries Limited,True,False,False
1209,RIIL,Reliance Industrial Infrastructure Limited,True,False,False
1210,RITES,RITES Limited,True,False,False
1211,RJL,Renaissance Jewellery Limited,True,False,False
1212,RKDL,Ravi Kumar Distilleries Limited,True,False,False
1213,RKFORGE,Ramkrishna Forgings Limited,True,False,False
1214,RMCL,Radha Madhav Corporation Limited,True,False,False
1215,RML,Rane (Madras) Limited,True,False,False
1216,RNAM,Reliance Nippon Life Asset Management Limited,True,False,False
1217,RNAVAL,Reliance Naval and Engineering Limited,True,False,False
1218,ROHITFERRO,Rohit Ferro-Tech Limited,True,False,False
1219,ROHLTD,Royal Orchid Hotels Limited,True,False,False
1220,ROLLT,Rollatainers Limited,True,False,False
1221,ROLTA,Rolta India Limited,True,False,False
1222,ROSSELLIND,Rossell India Limited,True,False,False
1223,RPGLIFE,RPG Life Sciences Limited,True,False,False
1224,RPOWER,Reliance Power Limited,True,False,False
1225,RPPINFRA,R.P.P. Infra Projects Limited,True,False,False
1226,RSSOFTWARE,R. S. Software (India) Limited,True,False,False
1227,RSWM,RSWM Limited,True,False,False
1228,RSYSTEMS,R Systems International Limited,True,False,False
1229,RTNINFRA,RattanIndia Infrastructure Limited,True,False,False
1230,RTNPOWER,RattanIndia Power Limited,True,False,False
1231,RUBYMILLS,The Ruby Mills Limited,True,False,False
1232,RUCHINFRA,Ruchi Infrastructure Limited,True,False,False
1233,RUCHIRA,Ruchira Papers Limited,True,False,False
1234,RUCHISOYA,Ruchi Soya Industries Limited,True,False,False
1235,RUPA,Rupa & Company Limited,True,False,False
1236,RUSHIL,Rushil Decor Limited,True,False,False
1237,SABEVENTS,Sab Events & Governance Now Media Limited,True,False,False
1238,SABTN,Sri Adhikari Brothers Television Network Limited,True,False,False
1239,SADBHAV,Sadbhav Engineering Limited,True,False,False
1240,SADBHIN,Sadbhav Infrastructure Project Limited,True,False,False
1241,SAGCEM,Sagar Cements Limited,True,False,False
1242,SAIL,Steel Authority of India Limited,True,False,False
1243,SAKHTISUG,Sakthi Sugars Limited,True,False,False
1244,SAKSOFT,Saksoft Limited,True,False,False
1245,SAKUMA,Sakuma Exports Limited,True,False,False
1246,SALASAR,Salasar Techno Engineering Limited,True,False,False
1247,SALONA,Salona Cotspin Limited,True,False,False
1248,SALORAINTL,Salora International Limited,True,False,False
1249,SALSTEEL,S.A.L. Steel Limited,True,False,False
1250,SALZERELEC,Salzer Electronics Limited,True,False,False
1251,SAMBHAAV,Sambhaav Media Limited,True,False,False
1252,SANCO,Sanco Industries Limited,True,False,False
1253,SANDESH,The Sandesh Limited,True,False,False
1254,SANDHAR,Sandhar Technologies Limited,True,False,False
1255,SANGAMIND,Sangam (India) Limited,True,False,False
1256,SANGHIIND,Sanghi Industries Limited,True,False,False
1257,SANGHVIFOR,Sanghvi Forging and Engineering Limited,True,False,False
1258,SANGHVIMOV,Sanghvi Movers Limited,True,False,False
1259,SANOFI,Sanofi India Limited,True,False,False
1260,SANWARIA,Sanwaria Consumer Limited,True,False,False
1261,SARDAEN,Sarda Energy & Minerals Limited,True,False,False
1262,SAREGAMA,Saregama India Limited,True,False,False
1263,SARLAPOLY,Sarla Performance Fibers Limited,True,False,False
1264,SASKEN,Sasken Technologies Limited,True,False,False
1265,SASTASUNDR,Sastasundar Ventures Limited,True,False,False
1266,SATHAISPAT,Sathavahana Ispat Limited,True,False,False
1267,SATIN,Satin Creditcare Network Limited,True,False,False
1268,SBILIFE,SBI Life Insurance Company Limited,True,False,False
1269,SBIN,State Bank of India,True,False,False
1270,SCAPDVR,Stampede Capital Limited,True,False,False
1271,SCHAEFFLER,Schaeffler India Limited,True,False,False
1272,SCHAND,S Chand And Company Limited,True,False,False
1273,SCHNEIDER,Schneider Electric Infrastructure Limited,True,False,False
1274,SCI,Shipping Corporation Of India Limited,True,False,False
1275,SDBL,Som Distilleries & Breweries Limited,True,False,False
1276,SEAMECLTD,Seamec Limited,True,False,False
1277,SELAN,Selan Exploration Technology Limited,True,False,False
1278,SELMCL,SEL Manufacturing Company Limited,True,False,False
1279,SEPOWER,S.E. Power Limited,True,False,False
1280,SEQUENT,Sequent Scientific Limited,True,False,False
1281,SESHAPAPER,Seshasayee Paper and Boards Limited,True,False,False
1282,SETCO,Setco Automotive Limited,True,False,False
1283,SEZAL,Sezal Glass Limited,True,False,False
1284,SFL,Sheela Foam Limited,True,False,False
1285,SGFL,Shree Ganesh Forgings Limited,True,False,False
1286,SGL,STL Global Limited,True,False,False
1287,SHAHALLOYS,Shah Alloys Limited,True,False,False
1288,SHAKTIPUMP,Shakti Pumps (India) Limited,True,False,False
1289,SHALBY,Shalby Limited,True,False,False
1290,SHALPAINTS,Shalimar Paints Limited,True,False,False
1291,SHANKARA,Shankara Building Products Limited,True,False,False
1292,SHANTIGEAR,Shanthi Gears Limited,True,False,False
1293,SHARDACROP,Sharda Cropchem Limited,True,False,False
1294,SHARDAMOTR,Sharda Motor Industries Limited,True,False,False
1295,SHARONBIO,Sharon Bio-Medicine Limited,True,False,False
1296,SHEMAROO,Shemaroo Entertainment Limited,True,False,False
1297,SHILPAMED,Shilpa Medicare Limited,True,False,False
1298,SHILPI,Shilpi Cable Technologies Limited,True,False,False
1299,SHIRPUR-G,Shirpur Gold Refinery Limited,True,False,False
1300,SHIVAMAUTO,Shivam Autotech Limited,True,False,False
1301,SHIVAMILLS,Shiva Mills Limited,True,False,False
1302,SHIVATEX,Shiva Texyarn Limited,True,False,False
1303,SHK,S H Kelkar and Company Limited,True,False,False
1304,SHOPERSTOP,Shoppers Stop Limited,True,False,False
1305,SHREECEM,SHREE CEMENT LIMITED,True,False,False
1306,SHREEPUSHK,Shree Pushkar Chemicals & Fertilisers Limited,True,False,False
1307,SHREERAMA,Shree Rama Multi-Tech Limited,True,False,False
1308,SHREYANIND,Shreyans Industries Limited,True,False,False
1309,SHREYAS,Shreyas Shipping & Logistics Limited,True,False,False
1310,SHRIPISTON,Shriram Pistons & Rings Limited,True,False,False
1311,SHRIRAMCIT,Shriram City Union Finance Limited,True,False,False
1312,SHRIRAMEPC,Shriram EPC Limited,True,False,False
1313,SHYAMCENT,Shyam Century Ferrous Limited,True,False,False
1314,SHYAMTEL,Shyam Telecom Limited,True,False,False
1315,SICAGEN,Sicagen India Limited,True,False,False
1316,SICAL,Sical Logistics Limited,True,False,False
1317,SIEMENS,Siemens Limited,True,False,False
1318,SIGNET,Signet Industries Limited,True,False,False
1319,SIL,Standard Industries Limited,True,False,False
1320,SILINV,SIL Investments Limited,True,False,False
1321,SIMBHALS,Simbhaoli Sugars Limited,True,False,False
1322,SIMPLEX,Simplex Projects Limited,True,False,False
1323,SIMPLEXINF,Simplex Infrastructures Limited,True,False,False
1324,SINTEX,Sintex Industries Limited,True,False,False
1325,SIS,Security and Intelligence Services (India) Limited,True,False,False
1326,SITASHREE,Sita Shree Food Products Limited,True,False,False
1327,SITINET,Siti Networks Limited,True,False,False
1328,SIYSIL,Siyaram Silk Mills Limited,True,False,False
1329,SJVN,SJVN Limited,True,False,False
1330,SKFINDIA,SKF India Limited,True,False,False
1331,SKIL,SKIL Infrastructure Limited,True,False,False
1332,SKIPPER,Skipper Limited,True,False,False
1333,SKMEGGPROD,SKM Egg Products Export (India) Limited,True,False,False
1334,SMARTLINK,Smartlink Holdings Limited,True,False,False
1335,SMLISUZU,SML Isuzu Limited,True,False,False
1336,SMPL,Splendid Metal Products Limited,True,False,False
1337,SMSLIFE,SMS Lifesciences India Limited,True,False,False
1338,SMSPHARMA,SMS Pharmaceuticals Limited,True,False,False
1339,SNOWMAN,Snowman Logistics Limited,True,False,False
1340,SOBHA,Sobha Limited,True,False,False
1341,SOLARA,Solara Active Pharma Sciences Limited,True,False,False
1342,SOLARINDS,Solar Industries India Limited,True,False,False
1343,SOMANYCERA,Somany Ceramics Limited,True,False,False
1344,SOMATEX,Soma Textiles & Industries Limited,True,False,False
1345,SOMICONVEY,Somi Conveyor Beltings Limited,True,False,False
1346,SONATSOFTW,Sonata Software Limited,True,False,False
1347,SORILINFRA,SORIL Infra Resources Limited,True,False,False
1348,SOTL,Savita Oil Technologies Limited,True,False,False
1349,SOUTHBANK,The South Indian Bank Limited,True,False,False
1350,SPAL,S. P. Apparels Limited,True,False,False
1351,SPARC,Sun Pharma Advanced Research Company Limited,True,False,False
1352,SPECIALITY,Speciality Restaurants Limited,True,False,False
1353,SPENTEX,Spentex Industries Limited,True,False,False
1354,SPIC,Southern Petrochemicals Industries Corporation  Limited,True,False,False
1355,SPICEMOBI,Spice Mobility Limited,True,False,False
1356,SPLIL,SPL Industries Limited,True,False,False
1357,SPMLINFRA,SPML Infra Limited,True,False,False
1358,SPTL,Sintex Plastics Technology Limited,True,False,False
1359,SPYL,Shekhawati Poly-Yarn Limited,True,False,False
1360,SQSBFSI,SQS India BFSI Limited,True,False,False
1361,SREEL,Sreeleathers Limited,True,False,False
1362,SREINFRA,SREI Infrastructure Finance Limited,True,False,False
1363,SRF,SRF Limited,True,False,False
1364,SRHHYPOLTD,Sree Rayalaseema Hi-Strength Hypo Limited,True,False,False
1365,SRIPIPES,Srikalahasthi Pipes Limited,True,False,False
1366,SRSLTD,SRS Limited,True,False,False
1367,SRTRANSFIN,Shriram Transport Finance Company Limited,True,False,False
1368,SSWL,Steel Strips Wheels Limited,True,False,False
1369,STAMPEDE,Stampede Capital Limited,True,False,False
1370,STAR,Strides Shasun Limited,True,False,False
1371,STARCEMENT,Star Cement Limited,True,False,False
1372,STARPAPER,Star Paper Mills Limited,True,False,False
1373,STCINDIA,The State Trading Corporation of India Limited,True,False,False
1374,STEELXIND,STEEL EXCHANGE INDIA LIMITED,True,False,False
1375,STEL,Stel Holdings Limited,True,False,False
1376,STERTOOLS,Sterling Tools Limited,True,False,False
1377,STINDIA,STI India Limited,True,False,False
1378,STRTECH,Sterlite Technologies Limited,True,False,False
1379,SUBCAPCITY,International Constructions Limited,True,False,False
1380,SUBEX,Subex Limited,True,False,False
1381,SUBROS,Subros Limited,True,False,False
1382,SUDARSCHEM,Sudarshan Chemical Industries Limited,True,False,False
1383,SUJANAUNI,Sujana Universal Industries Limited,True,False,False
1384,SUMEETINDS,Sumeet Industries Limited,True,False,False
1385,SUMMITSEC,Summit Securities Limited,True,False,False
1386,SUNCLAYLTD,Sundaram Clayton Limited,True,False,False
1387,SUNDARAM,Sundaram Multi Pap Limited,True,False,False
1388,SUNDARMFIN,Sundaram Finance Limited,True,False,False
1389,SUNDARMHLD,Sundaram Finance Holdings Limited,True,False,False
1390,SUNDRMBRAK,Sundaram Brake Linings Limited,True,False,False
1391,SUNDRMFAST,Sundram Fasteners Limited,True,False,False
1392,SUNFLAG,Sunflag Iron And Steel Company Limited,True,False,False
1393,SUNILHITEC,Sunil Hitech Engineers Limited,True,False,False
1394,SUNPHARMA,Sun Pharmaceutical Industries Limited,True,False,False
1395,SUNTECK,Sunteck Realty Limited,True,False,False
1396,SUNTV,Sun TV Network Limited,True,False,False
1397,SUPERHOUSE,Superhouse Limited,True,False,False
1398,SUPERSPIN,Super Spinning Mills Limited,True,False,False
1399,SUPPETRO,Supreme Petrochem Limited,True,False,False
1400,SUPRAJIT,Suprajit Engineering Limited,True,False,False
1401,SUPREMEIND,Supreme Industries Limited,True,False,False
1402,SUPREMEINF,Supreme Infrastructure India Limited,True,False,False
1403,SUPREMETEX,Supreme Tex Mart Limited,True,False,False
1404,SURANACORP,Surana Corporation Limited,True,False,False
1405,SURANAIND,Surana Industries Limited,True,False,False
1406,SURANASOL,Surana Solar Limited,True,False,False
1407,SURANAT&P,Surana Telecom and Power Limited,True,False,False
1408,SURYALAXMI,Suryalakshmi Cotton Mills Limited,True,False,False
1409,SURYAROSNI,Surya Roshni Limited,True,False,False
1410,SUTLEJTEX,Sutlej Textiles and Industries Limited,True,False,False
1411,SUVEN,Suven Life Sciences Limited,True,False,False
1412,SUZLON,Suzlon Energy Limited,True,False,False
1413,SWANENERGY,Swan Energy Limited,True,False,False
1414,SWARAJENG,Swaraj Engines Limited,True,False,False
1415,SWELECTES,Swelect Energy Systems Limited,True,False,False
1416,SYMPHONY,Symphony Limited,True,False,False
1417,SYNCOM,Syncom Healthcare Limited,True,False,False
1418,SYNDIBANK,Syndicate Bank,True,False,False
1419,SYNGENE,Syngene International Limited,True,False,False
1420,TAINWALCHM,Tainwala Chemical and Plastic (I) Limited,True,False,False
1421,TAJGVK,Taj GVK Hotels & Resorts Limited,True,False,False
1422,TAKE,Take Solutions Limited,True,False,False
1423,TALBROAUTO,Talbros Automotive Components Limited,True,False,False
1424,TALWALKARS,Talwalkars Better Value Fitness Limited,True,False,False
1425,TALWGYM,Talwalkars Lifestyles Limited,True,False,False
1426,TANLA,Tanla Solutions Limited,True,False,False
1427,TANTIACONS,Tantia Constructions Limited,True,False,False
1428,TARAJEWELS,Tara Jewels Limited,True,False,False
1429,TARAPUR,Tarapur Transformers Limited,True,False,False
1430,TARMAT,Tarmat Limited,True,False,False
1431,TASTYBITE,Tasty Bite Eatables Limited,True,False,False
1432,TATACHEM,Tata Chemicals Limited,True,False,False
1433,TATACOFFEE,Tata Coffee Limited,True,False,False
1434,TATACOMM,Tata Communications Limited,True,False,False
1435,TATAELXSI,Tata Elxsi Limited,True,False,False
1436,TATAGLOBAL,Tata Global Beverages Limited,True,False,False
1437,TATAINVEST,Tata Investment Corporation Limited,True,False,False
1438,TATAMETALI,Tata Metaliks Limited,True,False,False
1439,TATAMOTORS,Tata Motors Limited,True,False,False
1440,TATAMTRDVR,Tata Motors Limited,True,False,False
1441,TATAPOWER,Tata Power Company Limited,True,False,False
1442,TATASPONGE,Tata Sponge Iron Limited,True,False,False
1443,TATASTEEL,Tata Steel Limited,True,False,False
1444,TBZ,Tribhovandas Bhimji Zaveri Limited,True,False,False
1445,TCI,Transport Corporation of India Limited,True,False,False
1446,TCIDEVELOP,TCI Developers Limited,True,False,False
1447,TCIEXP,TCI Express Limited,True,False,False
1448,TCIFINANCE,TCI Finance Limited,True,False,False
1449,TCNSBRANDS,TCNS Clothing Co. Limited,True,False,False
1450,TCPLPACK,TCPL Packaging Limited,True,False,False
1451,TCS,Tata Consultancy Services Limited,True,False,False
1452,TDPOWERSYS,TD Power Systems Limited,True,False,False
1453,TEAMLEASE,Teamlease Services Limited,True,False,False
1454,TECHIN,Techindia Nirman Limited,True,False,False
1455,TECHM,Tech Mahindra Limited,True,False,False
1456,TECHNO,Techno Electric & Engineering Company Limited,True,False,False
1457,TECHNOFAB,Technofab Engineering Limited,True,False,False
1458,TEJASNET,Tejas Networks Limited,True,False,False
1459,TERASOFT,Tera Software Limited,True,False,False
1460,TEXINFRA,Texmaco Infrastructure & Holdings Limited,True,False,False
1461,TEXMOPIPES,Texmo Pipes and Products Limited,True,False,False
1462,TEXRAIL,Texmaco Rail & Engineering Limited,True,False,False
1463,TFCILTD,Tourism Finance Corporation of India Limited,True,False,False
1464,TFL,Transwarranty Finance Limited,True,False,False
1465,TGBHOTELS,TGB Banquets And Hotels Limited,True,False,False
1466,THANGAMAYL,Thangamayil Jewellery Limited,True,False,False
1467,THEINVEST,The Investment Trust Of India Limited,True,False,False
1468,THEMISMED,Themis Medicare Limited,True,False,False
1469,THERMAX,Thermax Limited,True,False,False
1470,THIRUSUGAR,Thiru Arooran Sugars Limited,True,False,False
1471,THOMASCOOK,Thomas Cook  (India)  Limited,True,False,False
1472,THOMASCOTT,Thomas Scott (India) Limited,True,False,False
1473,THYROCARE,Thyrocare Technologies Limited,True,False,False
1474,TI,Tilaknagar Industries Limited,True,False,False
1475,TIDEWATER,Tide Water Oil Company (India) Limited,True,False,False
1476,TIFIN,TI Financial Holdings Limited,True,False,False
1477,TIIL,Technocraft Industries (India) Limited,True,False,False
1478,TIINDIA,Tube Investments of India Limited,True,False,False
1479,TIJARIA,Tijaria Polypipes Limited,True,False,False
1480,TIL,TIL Limited,True,False,False
1481,TIMESGTY,Times Guaranty Limited,True,False,False
1482,TIMETECHNO,Time Technoplast Limited,True,False,False
1483,TIMKEN,Timken India Limited,True,False,False
1484,TINPLATE,The Tinplate Company of India Limited,True,False,False
1485,TIPSINDLTD,TIPS Industries Limited,True,False,False
1486,TIRUMALCHM,Thirumalai Chemicals Limited,True,False,False
1487,TITAN,Titan Company Limited,True,False,False
1488,TMRVL,The Mandhana Retail Ventures Limited,True,False,False
1489,TNPETRO,Tamilnadu PetroProducts Limited,True,False,False
1490,TNPL,Tamil Nadu Newsprint & Papers Limited,True,False,False
1491,TNTELE,Tamilnadu Telecommunication Limited,True,False,False
1492,TODAYS,Todays Writing Instruments Limited,True,False,False
1493,TOKYOPLAST,Tokyo Plast International Limited,True,False,False
1494,TORNTPHARM,Torrent Pharmaceuticals Limited,True,False,False
1495,TORNTPOWER,Torrent Power Limited,True,False,False
1496,TPLPLASTEH,TPL Plastech Limited,True,False,False
1497,TREEHOUSE,Tree House Education & Accessories Limited,True,False,False
1498,TRENT,Trent Limited,True,False,False
1499,TRF,TRF Limited,True,False,False
1500,TRIDENT,Trident Limited,True,False,False
1501,TRIGYN,Trigyn Technologies Limited,True,False,False
1502,TRIL,Transformers And Rectifiers (India) Limited,True,False,False
1503,TRITURBINE,Triveni Turbine Limited,True,False,False
1504,TRIVENI,Triveni Engineering & Industries Limited,True,False,False
1505,TTKHLTCARE,TTK Healthcare Limited,True,False,False
1506,TTKPRESTIG,TTK Prestige Limited,True,False,False
1507,TTL,T T Limited,True,False,False
1508,TTML,Tata Teleservices (Maharashtra) Limited,True,False,False
1509,TULSI,Tulsi Extrusions Limited,True,False,False
1510,TV18BRDCST,TV18 Broadcast Limited,True,False,False
1511,TVSELECT,TVS Electronics Limited,True,False,False
1512,TVSMOTOR,TVS Motor Company Limited,True,False,False
1513,TVSSRICHAK,TVS Srichakra Limited,True,False,False
1514,TVTODAY,TV Today Network Limited,True,False,False
1515,TVVISION,TV Vision Limited,True,False,False
1516,TWL,Titagarh Wagons Limited,True,False,False
1517,UBL,United Breweries Limited,True,False,False
1518,UCALFUEL,Ucal Fuel Systems Limited,True,False,False
1519,UCOBANK,UCO Bank,True,False,False
1520,UFLEX,UFLEX Limited,True,False,False
1521,UFO,UFO Moviez India Limited,True,False,False
1522,UGARSUGAR,The Ugar Sugar Works Limited,True,False,False
1523,UJAAS,Ujaas Energy Limited,True,False,False
1524,UJJIVAN,Ujjivan Financial Services Limited,True,False,False
1525,ULTRACEMCO,UltraTech Cement Limited,True,False,False
1526,UMANGDAIRY,Umang Dairies Limited,True,False,False
1527,UMESLTD,Usha Martin Education & Solutions Limited,True,False,False
1528,UNICHEMLAB,Unichem Laboratories Limited,True,False,False
1529,UNIENTER,Uniphos Enterprises Limited,True,False,False
1530,UNIONBANK,Union Bank of India,True,False,False
1531,UNIPLY,Uniply Industries Limited,True,False,False
1532,UNITECH,Unitech Limited,True,False,False
1533,UNITEDBNK,United Bank of India,True,False,False
1534,UNITEDTEA,The United Nilgiri Tea Estates Company Limited,True,False,False
1535,UNITY,Unity Infraprojects Limited,True,False,False
1536,UNIVCABLES,Universal Cables Limited,True,False,False
1537,UPL,UPL Limited,True,False,False
1538,URJA,Urja Global Limited,True,False,False
1539,USHAMART,Usha Martin Limited,True,False,False
1540,USHERAGRO,Usher Agro Limited,True,False,False
1541,UTTAMSTL,Uttam Galva Steels Limited,True,False,False
1542,UTTAMSUGAR,Uttam Sugar Mills Limited,True,False,False
1543,UVSL,Uttam Value Steels Limited,True,False,False
1544,V2RETAIL,V2 Retail Limited,True,False,False
1545,VADILALIND,Vadilal Industries Limited,True,False,False
1546,VAIBHAVGBL,Vaibhav Global Limited,True,False,False
1547,VAKRANGEE,Vakrangee Limited,True,False,False
1548,VARDHACRLC,Vardhman Acrylics Limited,True,False,False
1549,VARDMNPOLY,Vardhman Polytex Limited,True,False,False
1550,VARROC,Varroc Engineering Limited,True,False,False
1551,VASCONEQ,Vascon Engineers Limited,True,False,False
1552,VASWANI,Vaswani Industries Limited,True,False,False
1553,VBL,Varun Beverages Limited,True,False,False
1554,VEDL,Vedanta Limited,True,False,False
1555,VENKEYS,Venky's (India) Limited,True,False,False
1556,VENUSREM,Venus Remedies Limited,True,False,False
1557,VESUVIUS,Vesuvius India Limited,True,False,False
1558,VETO,Veto Switchgears And Cables Limited,True,False,False
1559,VGUARD,V-Guard Industries Limited,True,False,False
1560,VHL,Vardhman Holdings Limited,True,False,False
1561,VICEROY,Viceroy Hotels Limited,True,False,False
1562,VIDEOIND,Videocon Industries Limited,True,False,False
1563,VIDHIING,Vidhi Specialty Food Ingredients Limited,True,False,False
1564,VIJAYABANK,Vijaya Bank,True,False,False
1565,VIJIFIN,Viji Finance Limited,True,False,False
1566,VIJSHAN,Vijay Shanthi Builders Limited,True,False,False
1567,VIKASECO,Vikas EcoTech Limited,True,False,False
1568,VIMALOIL,Vimal Oil & Foods Limited,True,False,False
1569,VIMTALABS,Vimta Labs Limited,True,False,False
1570,VINATIORGA,Vinati Organics Limited,True,False,False
1571,VINDHYATEL,Vindhya Telelinks Limited,True,False,False
1572,VINYLINDIA,Vinyl Chemicals (India) Limited,True,False,False
1573,VIPCLOTHNG,VIP Clothing Limited,True,False,False
1574,VIPIND,VIP Industries Limited,True,False,False
1575,VIPULLTD,Vipul Limited,True,False,False
1576,VISAKAIND,Visaka Industries Limited,True,False,False
1577,VISASTEEL,Visa Steel Limited,True,False,False
1578,VISESHINFO,Visesh Infotecnics Limited,True,False,False
1579,VISHNU,Vishnu Chemicals Limited,True,False,False
1580,VIVIDHA,Visagar Polytex Limited,True,False,False
1581,VIVIMEDLAB,Vivimed Labs Limited,True,False,False
1582,VLSFINANCE,VLS Finance Limited,True,False,False
1583,VMART,V-Mart Retail Limited,True,False,False
1584,VOLTAMP,Voltamp Transformers Limited,True,False,False
1585,VOLTAS,Voltas Limited,True,False,False
1586,VRLLOG,VRL Logistics Limited,True,False,False
1587,VSSL,Vardhman Special Steels Limited,True,False,False
1588,VSTIND,VST Industries Limited,True,False,False
1589,VSTTILLERS,V.S.T Tillers Tractors Limited,True,False,False
1590,VTL,Vardhman Textiles Limited,True,False,False
1591,WABAG,VA Tech Wabag Limited,True,False,False
1592,WABCOINDIA,WABCO India Limited,True,False,False
1593,WALCHANNAG,Walchandnagar Industries Limited,True,False,False
1594,WANBURY,Wanbury Limited,True,False,False
1595,WEBELSOLAR,Websol Energy System Limited,True,False,False
1596,WEIZFOREX,Weizmann Forex Limited,True,False,False
1597,WEIZMANIND,Weizmann Limited,True,False,False
1598,WELCORP,Welspun Corp Limited,True,False,False
1599,WELENT,Welspun Enterprises Limited,True,False,False
1600,WELINV,Welspun Investments and Commercials Limited,True,False,False
1601,WELSPUNIND,Welspun India Limited,True,False,False
1602,WENDT,Wendt (India) Limited,True,False,False
1603,WHEELS,Wheels India Limited,True,False,False
1604,WHIRLPOOL,Whirlpool of India Limited,True,False,False
1605,WILLAMAGOR,Williamson Magor & Company Limited,True,False,False
1606,WINDMACHIN,Windsor Machines Limited,True,False,False
1607,WINSOME,Winsome Yarns Limited,True,False,False
1608,WIPL,The Western India Plywoods Limited,True,False,False
1609,WIPRO,Wipro Limited,True,False,False
1610,WOCKPHARMA,Wockhardt Limited,True,False,False
1611,WONDERLA,Wonderla Holidays Limited,True,False,False
1612,WSI,W S Industries (I) Limited,True,False,False
1613,WSTCSTPAPR,West Coast Paper Mills Limited,True,False,False
1614,XCHANGING,Xchanging Solutions Limited,True,False,False
1615,XLENERGY,XL Energy Limited,True,False,False
1616,XPROINDIA,Xpro India Limited,True,False,False
1617,YESBANK,Yes Bank Limited,True,False,False
1618,ZEEL,Zee Entertainment Enterprises Limited,True,False,False
1619,ZEELEARN,Zee Learn Limited,True,False,False
1620,ZEEMEDIA,Zee Media Corporation Limited,True,False,False
1621,ZENITHBIR,Zenith Birla (India) Limited,True,False,False
1622,ZENITHEXPO,Zenith Exports Limited,True,False,False
1623,ZENSARTECH,Zensar Technologies Limited,True,False,False
1624,ZENTEC,Zen Technologies Limited,True,False,False
1625,ZICOM,Zicom Electronic Security Systems Limited,True,False,False
1626,ZODIACLOTH,Zodiac Clothing Company Limited,True,False,False
1627,ZODJRDMKJ,Zodiac JRD- MKJ Limited,True,False,False
1628,ZUARI,Zuari Agro Chemicals Limited,True,False,False
1629,ZUARIGLOB,Zuari Global Limited,True,False,False
1630,ZYDUSWELL,Zydus Wellness Limited,True,False,False
1631,ZYLOG,Zylog Systems Limited,True,False,False
